,cluster,cluster0,cluster1,cluster2,cluster3,cluster4,cluster5,cluster6,cluster7,cluster8,cluster9,cluster10,cluster11,cluster12,cluster13,cluster14,cluster15
S-Glutathionyl-L-cysteine,1, 0.1200000, 0.6200000, 0.0300000,0.0000000, 0.0100000,0.0000000,0.0000000,0.0000000,0.0000000,0.0000000,0.0000000,0.0000000,0.0000000, 0.1900000,0.0000000, 0.0300000
D-Lysopine,2,0.0000000,0.0000000, 1.0000000,0.0000000,0.0000000,0.0000000,0.0000000,0.0000000,0.0000000,0.0000000,0.0000000,0.0000000,0.0000000,0.0000000,0.0000000,0.0000000
Imidazol-5-yl-pyruvate,13, 0.0300000, 0.1600000, 0.2400000,0.0000000,0.0000000,0.0000000,0.0000000,0.0000000,0.0000000,0.0000000,0.0000000,0.0000000,0.0000000, 0.5600000,0.0000000, 0.0100000
2-Keto-6-acetamidocaproate,2,0.0000000,0.0000000, 1.0000000,0.0000000,0.0000000,0.0000000,0.0000000,0.0000000,0.0000000,0.0000000,0.0000000,0.0000000,0.0000000,0.0000000,0.0000000,0.0000000
"(3S,5S)-3,5-Diaminohexanoate",2,0.0000000,0.0000000, 1.0000000,0.0000000,0.0000000,0.0000000,0.0000000,0.0000000,0.0000000,0.0000000,0.0000000,0.0000000,0.0000000,0.0000000,0.0000000,0.0000000
Sucrose,2,0.0000000,0.0000000, 0.9400000,0.0000000,0.0000000,0.0000000,0.0000000,0.0000000,0.0000000,0.0000000,0.0000000,0.0000000,0.0000000, 0.0500000,0.0000000,0.0000000
L-Carnitine,10, 0.0300000, 0.0300000, 0.0200000, 0.0500000, 0.0300000, 0.0400000, 0.0400000, 0.1100000, 0.0500000, 0.1200000, 0.2000000, 0.0700000, 0.0900000, 0.0200000, 0.0600000, 0.0300000
Cytosine,1, 0.0400000, 0.7200000, 0.0200000,0.0000000,0.0000000,0.0000000,0.0000000,0.0000000,0.0000000,0.0000000,0.0000000,0.0000000,0.0000000, 0.2100000,0.0000000, 0.0100000
Glutathione,1, 0.0800000, 0.5300000, 0.0600000,0.0000000, 0.0100000,0.0000000,0.0000000,0.0000000,0.0000000,0.0000000,0.0000000,0.0000000,0.0000000, 0.3000000,0.0000000, 0.0200000
L-Kynurenine,13, 0.0200000, 0.4000000, 0.0400000,0.0000000,0.0000000,0.0000000,0.0000000,0.0000000,0.0000000,0.0000000,0.0000000,0.0000000,0.0000000, 0.5300000,0.0000000, 0.0100000
Deoxycytidine,13, 0.0100000, 0.0700000, 0.1200000,0.0000000,0.0000000,0.0000000,0.0000000,0.0000000,0.0000000,0.0000000,0.0000000,0.0000000,0.0000000, 0.8000000,0.0000000,0.0000000
N-Acetylserotonin,2,0.0000000, 0.0100000, 0.5600000,0.0000000,0.0000000,0.0000000,0.0000000,0.0000000,0.0000000,0.0000000,0.0000000,0.0000000,0.0000000, 0.4300000,0.0000000,0.0000000
Creatine,2,0.0000000,0.0000000, 0.8200000,0.0000000,0.0000000,0.0000000,0.0000000,0.0000000,0.0000000,0.0000000,0.0000000,0.0000000,0.0000000, 0.1700000,0.0000000,0.0000000
Spermidine,2,0.0000000,0.0000000, 0.9900000,0.0000000,0.0000000,0.0000000,0.0000000,0.0000000,0.0000000,0.0000000,0.0000000,0.0000000,0.0000000, 0.0100000,0.0000000,0.0000000
L-Methionine,2,0.0000000,0.0000000, 1.0000000,0.0000000,0.0000000,0.0000000,0.0000000,0.0000000,0.0000000,0.0000000,0.0000000,0.0000000,0.0000000,0.0000000,0.0000000,0.0000000
Citrulline,13, 0.0100000, 0.0600000, 0.1200000,0.0000000,0.0000000,0.0000000,0.0000000,0.0000000,0.0000000,0.0000000,0.0000000,0.0000000,0.0000000, 0.8100000,0.0000000,0.0000000
Methyl beta-D-galactoside,2,0.0000000,0.0000000, 1.0000000,0.0000000,0.0000000,0.0000000,0.0000000,0.0000000,0.0000000,0.0000000,0.0000000,0.0000000,0.0000000,0.0000000,0.0000000,0.0000000
Pipecolic acid,2,0.0000000,0.0000000, 1.0000000,0.0000000,0.0000000,0.0000000,0.0000000,0.0000000,0.0000000,0.0000000,0.0000000,0.0000000,0.0000000,0.0000000,0.0000000,0.0000000
beta-Alanine,2,0.0000000,0.0000000, 1.0000000,0.0000000,0.0000000,0.0000000,0.0000000,0.0000000,0.0000000,0.0000000,0.0000000,0.0000000,0.0000000,0.0000000,0.0000000,0.0000000
L-Lysine,2,0.0000000,0.0000000, 1.0000000,0.0000000,0.0000000,0.0000000,0.0000000,0.0000000,0.0000000,0.0000000,0.0000000,0.0000000,0.0000000,0.0000000,0.0000000,0.0000000
3-Methylindole,2,0.0000000,0.0000000, 1.0000000,0.0000000,0.0000000,0.0000000,0.0000000,0.0000000,0.0000000,0.0000000,0.0000000,0.0000000,0.0000000,0.0000000,0.0000000,0.0000000
Betaine,2,0.0000000,0.0000000, 1.0000000,0.0000000,0.0000000,0.0000000,0.0000000,0.0000000,0.0000000,0.0000000,0.0000000,0.0000000,0.0000000,0.0000000,0.0000000,0.0000000
L-Arginine,2,0.0000000,0.0000000, 0.9900000,0.0000000,0.0000000,0.0000000,0.0000000,0.0000000,0.0000000,0.0000000,0.0000000,0.0000000,0.0000000, 0.0100000,0.0000000,0.0000000
D-Fructose,2,0.0000000,0.0000000, 1.0000000,0.0000000,0.0000000,0.0000000,0.0000000,0.0000000,0.0000000,0.0000000,0.0000000,0.0000000,0.0000000,0.0000000,0.0000000,0.0000000
L-Glutamic acid,2,0.0000000,0.0000000, 1.0000000,0.0000000,0.0000000,0.0000000,0.0000000,0.0000000,0.0000000,0.0000000,0.0000000,0.0000000,0.0000000,0.0000000,0.0000000,0.0000000
Cadaverine,2,0.0000000,0.0000000, 1.0000000,0.0000000,0.0000000,0.0000000,0.0000000,0.0000000,0.0000000,0.0000000,0.0000000,0.0000000,0.0000000,0.0000000,0.0000000,0.0000000
Thymine,2,0.0000000,0.0000000, 1.0000000,0.0000000,0.0000000,0.0000000,0.0000000,0.0000000,0.0000000,0.0000000,0.0000000,0.0000000,0.0000000,0.0000000,0.0000000,0.0000000
L-Isoleucine,2,0.0000000,0.0000000, 1.0000000,0.0000000,0.0000000,0.0000000,0.0000000,0.0000000,0.0000000,0.0000000,0.0000000,0.0000000,0.0000000,0.0000000,0.0000000,0.0000000
Glycocholic acid,2,0.0000000,0.0000000, 1.0000000,0.0000000,0.0000000,0.0000000,0.0000000,0.0000000,0.0000000,0.0000000,0.0000000,0.0000000,0.0000000,0.0000000,0.0000000,0.0000000
Oxoglutaric acid,2,0.0000000,0.0000000, 1.0000000,0.0000000,0.0000000,0.0000000,0.0000000,0.0000000,0.0000000,0.0000000,0.0000000,0.0000000,0.0000000,0.0000000,0.0000000,0.0000000
1H-Indole-3-acetamide,2,0.0000000,0.0000000, 1.0000000,0.0000000,0.0000000,0.0000000,0.0000000,0.0000000,0.0000000,0.0000000,0.0000000,0.0000000,0.0000000,0.0000000,0.0000000,0.0000000
Picolinic acid,2,0.0000000,0.0000000, 1.0000000,0.0000000,0.0000000,0.0000000,0.0000000,0.0000000,0.0000000,0.0000000,0.0000000,0.0000000,0.0000000,0.0000000,0.0000000,0.0000000
Nicotinic acid,2,0.0000000,0.0000000, 1.0000000,0.0000000,0.0000000,0.0000000,0.0000000,0.0000000,0.0000000,0.0000000,0.0000000,0.0000000,0.0000000,0.0000000,0.0000000,0.0000000
Taurocholic acid,2,0.0000000,0.0000000, 1.0000000,0.0000000,0.0000000,0.0000000,0.0000000,0.0000000,0.0000000,0.0000000,0.0000000,0.0000000,0.0000000,0.0000000,0.0000000,0.0000000
L-Glutamine,2,0.0000000,0.0000000, 1.0000000,0.0000000,0.0000000,0.0000000,0.0000000,0.0000000,0.0000000,0.0000000,0.0000000,0.0000000,0.0000000,0.0000000,0.0000000,0.0000000
L-Proline,2,0.0000000,0.0000000, 1.0000000,0.0000000,0.0000000,0.0000000,0.0000000,0.0000000,0.0000000,0.0000000,0.0000000,0.0000000,0.0000000,0.0000000,0.0000000,0.0000000
Mannitol,2,0.0000000,0.0000000, 1.0000000,0.0000000,0.0000000,0.0000000,0.0000000,0.0000000,0.0000000,0.0000000,0.0000000,0.0000000,0.0000000,0.0000000,0.0000000,0.0000000
L-Threonine,2,0.0000000,0.0000000, 1.0000000,0.0000000,0.0000000,0.0000000,0.0000000,0.0000000,0.0000000,0.0000000,0.0000000,0.0000000,0.0000000,0.0000000,0.0000000,0.0000000
2-Aminobenzoic acid,2,0.0000000,0.0000000, 1.0000000,0.0000000,0.0000000,0.0000000,0.0000000,0.0000000,0.0000000,0.0000000,0.0000000,0.0000000,0.0000000,0.0000000,0.0000000,0.0000000
D-Xylose,2,0.0000000,0.0000000, 1.0000000,0.0000000,0.0000000,0.0000000,0.0000000,0.0000000,0.0000000,0.0000000,0.0000000,0.0000000,0.0000000,0.0000000,0.0000000,0.0000000
L-Leucine,2,0.0000000,0.0000000, 1.0000000,0.0000000,0.0000000,0.0000000,0.0000000,0.0000000,0.0000000,0.0000000,0.0000000,0.0000000,0.0000000,0.0000000,0.0000000,0.0000000
1-Hexadecanol,2,0.0000000,0.0000000, 1.0000000,0.0000000,0.0000000,0.0000000,0.0000000,0.0000000,0.0000000,0.0000000,0.0000000,0.0000000,0.0000000,0.0000000,0.0000000,0.0000000
Hydroquinone,2,0.0000000,0.0000000, 1.0000000,0.0000000,0.0000000,0.0000000,0.0000000,0.0000000,0.0000000,0.0000000,0.0000000,0.0000000,0.0000000,0.0000000,0.0000000,0.0000000
L-Valine,2,0.0000000,0.0000000, 1.0000000,0.0000000,0.0000000,0.0000000,0.0000000,0.0000000,0.0000000,0.0000000,0.0000000,0.0000000,0.0000000,0.0000000,0.0000000,0.0000000
Linoleic acid,2,0.0000000,0.0000000, 1.0000000,0.0000000,0.0000000,0.0000000,0.0000000,0.0000000,0.0000000,0.0000000,0.0000000,0.0000000,0.0000000,0.0000000,0.0000000,0.0000000
Norepinephrine,2,0.0000000,0.0000000, 1.0000000,0.0000000,0.0000000,0.0000000,0.0000000,0.0000000,0.0000000,0.0000000,0.0000000,0.0000000,0.0000000,0.0000000,0.0000000,0.0000000
Methyl jasmonate,2,0.0000000,0.0000000, 1.0000000,0.0000000,0.0000000,0.0000000,0.0000000,0.0000000,0.0000000,0.0000000,0.0000000,0.0000000,0.0000000,0.0000000,0.0000000,0.0000000
L-Serine,2,0.0000000,0.0000000, 1.0000000,0.0000000,0.0000000,0.0000000,0.0000000,0.0000000,0.0000000,0.0000000,0.0000000,0.0000000,0.0000000,0.0000000,0.0000000,0.0000000
Sphinganine,2,0.0000000,0.0000000, 1.0000000,0.0000000,0.0000000,0.0000000,0.0000000,0.0000000,0.0000000,0.0000000,0.0000000,0.0000000,0.0000000,0.0000000,0.0000000,0.0000000
Pyroglutamic acid,2,0.0000000,0.0000000, 1.0000000,0.0000000,0.0000000,0.0000000,0.0000000,0.0000000,0.0000000,0.0000000,0.0000000,0.0000000,0.0000000,0.0000000,0.0000000,0.0000000
Phenylacetaldehyde,2,0.0000000,0.0000000, 1.0000000,0.0000000,0.0000000,0.0000000,0.0000000,0.0000000,0.0000000,0.0000000,0.0000000,0.0000000,0.0000000,0.0000000,0.0000000,0.0000000
Ethylmethylacetic acid,2,0.0000000,0.0000000, 1.0000000,0.0000000,0.0000000,0.0000000,0.0000000,0.0000000,0.0000000,0.0000000,0.0000000,0.0000000,0.0000000,0.0000000,0.0000000,0.0000000
Ureidopropionic acid,2,0.0000000,0.0000000, 1.0000000,0.0000000,0.0000000,0.0000000,0.0000000,0.0000000,0.0000000,0.0000000,0.0000000,0.0000000,0.0000000,0.0000000,0.0000000,0.0000000
Urocanic acid,2,0.0000000,0.0000000, 1.0000000,0.0000000,0.0000000,0.0000000,0.0000000,0.0000000,0.0000000,0.0000000,0.0000000,0.0000000,0.0000000,0.0000000,0.0000000,0.0000000
Ketoleucine,2,0.0000000,0.0000000, 1.0000000,0.0000000,0.0000000,0.0000000,0.0000000,0.0000000,0.0000000,0.0000000,0.0000000,0.0000000,0.0000000,0.0000000,0.0000000,0.0000000
Porphobilinogen,2,0.0000000,0.0000000, 1.0000000,0.0000000,0.0000000,0.0000000,0.0000000,0.0000000,0.0000000,0.0000000,0.0000000,0.0000000,0.0000000,0.0000000,0.0000000,0.0000000
O-Phosphoethanolamine,2,0.0000000,0.0000000, 1.0000000,0.0000000,0.0000000,0.0000000,0.0000000,0.0000000,0.0000000,0.0000000,0.0000000,0.0000000,0.0000000,0.0000000,0.0000000,0.0000000
Vanillylmandelic acid,2,0.0000000,0.0000000, 1.0000000,0.0000000,0.0000000,0.0000000,0.0000000,0.0000000,0.0000000,0.0000000,0.0000000,0.0000000,0.0000000,0.0000000,0.0000000,0.0000000
3-Dehydroshikimate,2,0.0000000,0.0000000, 1.0000000,0.0000000,0.0000000,0.0000000,0.0000000,0.0000000,0.0000000,0.0000000,0.0000000,0.0000000,0.0000000,0.0000000,0.0000000,0.0000000
Sorbitol,2,0.0000000,0.0000000, 1.0000000,0.0000000,0.0000000,0.0000000,0.0000000,0.0000000,0.0000000,0.0000000,0.0000000,0.0000000,0.0000000,0.0000000,0.0000000,0.0000000
"4,5-Dihydroorotic acid",2,0.0000000,0.0000000, 1.0000000,0.0000000,0.0000000,0.0000000,0.0000000,0.0000000,0.0000000,0.0000000,0.0000000,0.0000000,0.0000000,0.0000000,0.0000000,0.0000000
Maleic acid,2,0.0000000,0.0000000, 1.0000000,0.0000000,0.0000000,0.0000000,0.0000000,0.0000000,0.0000000,0.0000000,0.0000000,0.0000000,0.0000000,0.0000000,0.0000000,0.0000000
pantothenic acid,2,0.0000000,0.0000000, 1.0000000,0.0000000,0.0000000,0.0000000,0.0000000,0.0000000,0.0000000,0.0000000,0.0000000,0.0000000,0.0000000,0.0000000,0.0000000,0.0000000
myo-Inositol,2,0.0000000,0.0000000, 1.0000000,0.0000000,0.0000000,0.0000000,0.0000000,0.0000000,0.0000000,0.0000000,0.0000000,0.0000000,0.0000000,0.0000000,0.0000000,0.0000000
4-Pyridoxic acid,2,0.0000000,0.0000000, 1.0000000,0.0000000,0.0000000,0.0000000,0.0000000,0.0000000,0.0000000,0.0000000,0.0000000,0.0000000,0.0000000,0.0000000,0.0000000,0.0000000
Dodecanoic acid,2,0.0000000,0.0000000, 1.0000000,0.0000000,0.0000000,0.0000000,0.0000000,0.0000000,0.0000000,0.0000000,0.0000000,0.0000000,0.0000000,0.0000000,0.0000000,0.0000000
Palmitic acid,2,0.0000000,0.0000000, 1.0000000,0.0000000,0.0000000,0.0000000,0.0000000,0.0000000,0.0000000,0.0000000,0.0000000,0.0000000,0.0000000,0.0000000,0.0000000,0.0000000
Succinic acid semialdehyde,2,0.0000000,0.0000000, 1.0000000,0.0000000,0.0000000,0.0000000,0.0000000,0.0000000,0.0000000,0.0000000,0.0000000,0.0000000,0.0000000,0.0000000,0.0000000,0.0000000
Homovanillic acid,2,0.0000000,0.0000000, 1.0000000,0.0000000,0.0000000,0.0000000,0.0000000,0.0000000,0.0000000,0.0000000,0.0000000,0.0000000,0.0000000,0.0000000,0.0000000,0.0000000
Dihydroxyacetone phosphate,2,0.0000000,0.0000000, 1.0000000,0.0000000,0.0000000,0.0000000,0.0000000,0.0000000,0.0000000,0.0000000,0.0000000,0.0000000,0.0000000,0.0000000,0.0000000,0.0000000
Oleic acid,2,0.0000000,0.0000000, 1.0000000,0.0000000,0.0000000,0.0000000,0.0000000,0.0000000,0.0000000,0.0000000,0.0000000,0.0000000,0.0000000,0.0000000,0.0000000,0.0000000
Myristic acid,2,0.0000000,0.0000000, 1.0000000,0.0000000,0.0000000,0.0000000,0.0000000,0.0000000,0.0000000,0.0000000,0.0000000,0.0000000,0.0000000,0.0000000,0.0000000,0.0000000
Pimelic acid,2,0.0000000,0.0000000, 1.0000000,0.0000000,0.0000000,0.0000000,0.0000000,0.0000000,0.0000000,0.0000000,0.0000000,0.0000000,0.0000000,0.0000000,0.0000000,0.0000000
Ciliatine,2,0.0000000,0.0000000, 1.0000000,0.0000000,0.0000000,0.0000000,0.0000000,0.0000000,0.0000000,0.0000000,0.0000000,0.0000000,0.0000000,0.0000000,0.0000000,0.0000000
Phosphonoacetate,2,0.0000000,0.0000000, 1.0000000,0.0000000,0.0000000,0.0000000,0.0000000,0.0000000,0.0000000,0.0000000,0.0000000,0.0000000,0.0000000,0.0000000,0.0000000,0.0000000
Cortexolone,15, 0.2000000, 0.1400000, 0.0500000, 0.0100000, 0.1600000, 0.0400000, 0.0900000,0.0000000, 0.0200000,0.0000000,0.0000000,0.0000000,0.0000000, 0.0800000,0.0000000, 0.2100000
Pseudouridine,13,0.0000000, 0.0300000, 0.0500000,0.0000000,0.0000000,0.0000000,0.0000000,0.0000000,0.0000000,0.0000000,0.0000000,0.0000000,0.0000000, 0.9300000,0.0000000,0.0000000
Xanthine,2,0.0000000,0.0000000, 1.0000000,0.0000000,0.0000000,0.0000000,0.0000000,0.0000000,0.0000000,0.0000000,0.0000000,0.0000000,0.0000000,0.0000000,0.0000000,0.0000000
1-Aminocyclopropanecarboxylic acid,2,0.0000000,0.0000000, 1.0000000,0.0000000,0.0000000,0.0000000,0.0000000,0.0000000,0.0000000,0.0000000,0.0000000,0.0000000,0.0000000,0.0000000,0.0000000,0.0000000
Niacinamide,2,0.0000000,0.0000000, 1.0000000,0.0000000,0.0000000,0.0000000,0.0000000,0.0000000,0.0000000,0.0000000,0.0000000,0.0000000,0.0000000,0.0000000,0.0000000,0.0000000
L-Pipecolic acid,2,0.0000000,0.0000000, 1.0000000,0.0000000,0.0000000,0.0000000,0.0000000,0.0000000,0.0000000,0.0000000,0.0000000,0.0000000,0.0000000,0.0000000,0.0000000,0.0000000
Choline,2, 0.0100000, 0.0700000, 0.5400000,0.0000000,0.0000000,0.0000000,0.0000000,0.0000000,0.0000000,0.0000000,0.0000000,0.0000000,0.0000000, 0.3600000,0.0000000, 0.0100000
L-Asparagine,2,0.0000000,0.0000000, 1.0000000,0.0000000,0.0000000,0.0000000,0.0000000,0.0000000,0.0000000,0.0000000,0.0000000,0.0000000,0.0000000,0.0000000,0.0000000,0.0000000
gamma-Glutamylalanine,2,0.0000000,0.0000000, 1.0000000,0.0000000,0.0000000,0.0000000,0.0000000,0.0000000,0.0000000,0.0000000,0.0000000,0.0000000,0.0000000,0.0000000,0.0000000,0.0000000
Aminoadipic acid,2,0.0000000,0.0000000, 1.0000000,0.0000000,0.0000000,0.0000000,0.0000000,0.0000000,0.0000000,0.0000000,0.0000000,0.0000000,0.0000000,0.0000000,0.0000000,0.0000000
Indole,2,0.0000000,0.0000000, 1.0000000,0.0000000,0.0000000,0.0000000,0.0000000,0.0000000,0.0000000,0.0000000,0.0000000,0.0000000,0.0000000,0.0000000,0.0000000,0.0000000
Stearidonic acid,2,0.0000000,0.0000000, 1.0000000,0.0000000,0.0000000,0.0000000,0.0000000,0.0000000,0.0000000,0.0000000,0.0000000,0.0000000,0.0000000,0.0000000,0.0000000,0.0000000
5-Methylcytosine,13,0.0000000, 0.0100000, 0.0700000,0.0000000,0.0000000,0.0000000,0.0000000,0.0000000,0.0000000,0.0000000,0.0000000,0.0000000,0.0000000, 0.9200000,0.0000000,0.0000000
Hippuric acid,2,0.0000000,0.0000000, 1.0000000,0.0000000,0.0000000,0.0000000,0.0000000,0.0000000,0.0000000,0.0000000,0.0000000,0.0000000,0.0000000,0.0000000,0.0000000,0.0000000
2-Phenylacetamide,2,0.0000000,0.0000000, 1.0000000,0.0000000,0.0000000,0.0000000,0.0000000,0.0000000,0.0000000,0.0000000,0.0000000,0.0000000,0.0000000,0.0000000,0.0000000,0.0000000
Phosphorylcholine,13, 0.1400000, 0.1900000, 0.1900000, 0.0100000, 0.0700000, 0.0200000, 0.0400000,0.0000000, 0.0100000,0.0000000,0.0000000,0.0000000,0.0000000, 0.2100000,0.0000000, 0.1100000
Piperidine,2,0.0000000,0.0000000, 1.0000000,0.0000000,0.0000000,0.0000000,0.0000000,0.0000000,0.0000000,0.0000000,0.0000000,0.0000000,0.0000000,0.0000000,0.0000000,0.0000000
N-Acetylneuraminate,2,0.0000000,0.0000000, 1.0000000,0.0000000,0.0000000,0.0000000,0.0000000,0.0000000,0.0000000,0.0000000,0.0000000,0.0000000,0.0000000,0.0000000,0.0000000,0.0000000
N-Acetylmannosamine,2,0.0000000,0.0000000, 1.0000000,0.0000000,0.0000000,0.0000000,0.0000000,0.0000000,0.0000000,0.0000000,0.0000000,0.0000000,0.0000000,0.0000000,0.0000000,0.0000000
O-Acetylcarnitine,2,0.0000000,0.0000000, 1.0000000,0.0000000,0.0000000,0.0000000,0.0000000,0.0000000,0.0000000,0.0000000,0.0000000,0.0000000,0.0000000,0.0000000,0.0000000,0.0000000
Acetylcholine,2,0.0000000,0.0000000, 1.0000000,0.0000000,0.0000000,0.0000000,0.0000000,0.0000000,0.0000000,0.0000000,0.0000000,0.0000000,0.0000000,0.0000000,0.0000000,0.0000000
"(9Z,12Z,15Z)-Octadecatrienoic acid",2,0.0000000,0.0000000, 1.0000000,0.0000000,0.0000000,0.0000000,0.0000000,0.0000000,0.0000000,0.0000000,0.0000000,0.0000000,0.0000000,0.0000000,0.0000000,0.0000000
6-Keto-prostaglandin F1alpha,2,0.0000000,0.0000000, 1.0000000,0.0000000,0.0000000,0.0000000,0.0000000,0.0000000,0.0000000,0.0000000,0.0000000,0.0000000,0.0000000,0.0000000,0.0000000,0.0000000
4-Hydroxycinnamoylagmatine,10, 0.0300000, 0.0300000, 0.0300000, 0.0600000, 0.0400000, 0.0500000, 0.0400000, 0.1200000, 0.0500000, 0.0500000, 0.1800000, 0.0800000, 0.1000000, 0.0300000, 0.0700000, 0.0400000
Protoporphyrinogen IX,13, 0.0600000, 0.4000000, 0.0900000,0.0000000,0.0000000,0.0000000,0.0000000,0.0000000,0.0000000,0.0000000,0.0000000,0.0000000,0.0000000, 0.4200000,0.0000000, 0.0200000
Sphinganine 1-phosphate,13,0.0000000, 0.0500000, 0.0800000,0.0000000,0.0000000,0.0000000,0.0000000,0.0000000,0.0000000,0.0000000,0.0000000,0.0000000,0.0000000, 0.8700000,0.0000000,0.0000000
Glycerophosphocholine,13,0.0000000, 0.0100000, 0.0500000,0.0000000,0.0000000,0.0000000,0.0000000,0.0000000,0.0000000,0.0000000,0.0000000,0.0000000,0.0000000, 0.9400000,0.0000000,0.0000000
2-Hydroxycinnamic acid,2,0.0000000,0.0000000, 0.9900000,0.0000000,0.0000000,0.0000000,0.0000000,0.0000000,0.0000000,0.0000000,0.0000000,0.0000000,0.0000000, 0.0100000,0.0000000,0.0000000
Indoleacetaldehyde,2,0.0000000,0.0000000, 0.9700000,0.0000000,0.0000000,0.0000000,0.0000000,0.0000000,0.0000000,0.0000000,0.0000000,0.0000000,0.0000000, 0.0300000,0.0000000,0.0000000
2-Dehydropantoate,2,0.0000000,0.0000000, 0.9900000,0.0000000,0.0000000,0.0000000,0.0000000,0.0000000,0.0000000,0.0000000,0.0000000,0.0000000,0.0000000, 0.0100000,0.0000000,0.0000000
Indolepyruvate,2,0.0000000,0.0000000, 1.0000000,0.0000000,0.0000000,0.0000000,0.0000000,0.0000000,0.0000000,0.0000000,0.0000000,0.0000000,0.0000000,0.0000000,0.0000000,0.0000000
Antibiotic JI-20A,2,0.0000000,0.0000000, 0.9500000,0.0000000,0.0000000,0.0000000,0.0000000,0.0000000,0.0000000,0.0000000,0.0000000,0.0000000,0.0000000, 0.0500000,0.0000000,0.0000000
Saccharopine,2,0.0000000,0.0000000, 1.0000000,0.0000000,0.0000000,0.0000000,0.0000000,0.0000000,0.0000000,0.0000000,0.0000000,0.0000000,0.0000000,0.0000000,0.0000000,0.0000000
p-Octopamine,2,0.0000000,0.0000000, 1.0000000,0.0000000,0.0000000,0.0000000,0.0000000,0.0000000,0.0000000,0.0000000,0.0000000,0.0000000,0.0000000,0.0000000,0.0000000,0.0000000
N-Acetylornithine,2,0.0000000,0.0000000, 0.9900000,0.0000000,0.0000000,0.0000000,0.0000000,0.0000000,0.0000000,0.0000000,0.0000000,0.0000000,0.0000000,0.0000000,0.0000000,0.0000000
Serotonin,2,0.0000000,0.0000000, 1.0000000,0.0000000,0.0000000,0.0000000,0.0000000,0.0000000,0.0000000,0.0000000,0.0000000,0.0000000,0.0000000,0.0000000,0.0000000,0.0000000
Histamine,2,0.0000000,0.0000000, 1.0000000,0.0000000,0.0000000,0.0000000,0.0000000,0.0000000,0.0000000,0.0000000,0.0000000,0.0000000,0.0000000,0.0000000,0.0000000,0.0000000
Maleic acid homopolymer,2,0.0000000,0.0000000, 1.0000000,0.0000000,0.0000000,0.0000000,0.0000000,0.0000000,0.0000000,0.0000000,0.0000000,0.0000000,0.0000000,0.0000000,0.0000000,0.0000000
"5,6-Dihydro-5-fluorouracil",2,0.0000000,0.0000000, 1.0000000,0.0000000,0.0000000,0.0000000,0.0000000,0.0000000,0.0000000,0.0000000,0.0000000,0.0000000,0.0000000,0.0000000,0.0000000,0.0000000
5-Acetamidovalerate,2,0.0000000,0.0000000, 1.0000000,0.0000000,0.0000000,0.0000000,0.0000000,0.0000000,0.0000000,0.0000000,0.0000000,0.0000000,0.0000000,0.0000000,0.0000000,0.0000000
Acetaminophen,2,0.0000000,0.0000000, 1.0000000,0.0000000,0.0000000,0.0000000,0.0000000,0.0000000,0.0000000,0.0000000,0.0000000,0.0000000,0.0000000,0.0000000,0.0000000,0.0000000
Indole-3-acetaldehyde oxime,2,0.0000000,0.0000000, 1.0000000,0.0000000,0.0000000,0.0000000,0.0000000,0.0000000,0.0000000,0.0000000,0.0000000,0.0000000,0.0000000,0.0000000,0.0000000,0.0000000
2-Keto-glutaramic acid,2,0.0000000,0.0000000, 1.0000000,0.0000000,0.0000000,0.0000000,0.0000000,0.0000000,0.0000000,0.0000000,0.0000000,0.0000000,0.0000000,0.0000000,0.0000000,0.0000000
N2-Succinyl-L-ornithine,2,0.0000000,0.0000000, 1.0000000,0.0000000,0.0000000,0.0000000,0.0000000,0.0000000,0.0000000,0.0000000,0.0000000,0.0000000,0.0000000,0.0000000,0.0000000,0.0000000
"1,1-Dimethylbiguanide",2,0.0000000,0.0000000, 1.0000000,0.0000000,0.0000000,0.0000000,0.0000000,0.0000000,0.0000000,0.0000000,0.0000000,0.0000000,0.0000000,0.0000000,0.0000000,0.0000000
Dopamine,2,0.0000000,0.0000000, 1.0000000,0.0000000,0.0000000,0.0000000,0.0000000,0.0000000,0.0000000,0.0000000,0.0000000,0.0000000,0.0000000,0.0000000,0.0000000,0.0000000
N6-Acetyl-N6-hydroxy-L-lysine,2,0.0000000,0.0000000, 0.9900000,0.0000000,0.0000000,0.0000000,0.0000000,0.0000000,0.0000000,0.0000000,0.0000000,0.0000000,0.0000000, 0.0100000,0.0000000,0.0000000
Retinol,2,0.0000000,0.0000000, 1.0000000,0.0000000,0.0000000,0.0000000,0.0000000,0.0000000,0.0000000,0.0000000,0.0000000,0.0000000,0.0000000,0.0000000,0.0000000,0.0000000
"3-(3,4-Dihydroxyphenyl)pyruvate",2,0.0000000,0.0000000, 1.0000000,0.0000000,0.0000000,0.0000000,0.0000000,0.0000000,0.0000000,0.0000000,0.0000000,0.0000000,0.0000000,0.0000000,0.0000000,0.0000000
D-Phenyllactic acid,2,0.0000000,0.0000000, 1.0000000,0.0000000,0.0000000,0.0000000,0.0000000,0.0000000,0.0000000,0.0000000,0.0000000,0.0000000,0.0000000,0.0000000,0.0000000,0.0000000
p-Aminobenzoic acid,2,0.0000000,0.0000000, 1.0000000,0.0000000,0.0000000,0.0000000,0.0000000,0.0000000,0.0000000,0.0000000,0.0000000,0.0000000,0.0000000,0.0000000,0.0000000,0.0000000
Choline sulfate,2,0.0000000,0.0000000, 1.0000000,0.0000000,0.0000000,0.0000000,0.0000000,0.0000000,0.0000000,0.0000000,0.0000000,0.0000000,0.0000000,0.0000000,0.0000000,0.0000000
Phenol,2,0.0000000,0.0000000, 1.0000000,0.0000000,0.0000000,0.0000000,0.0000000,0.0000000,0.0000000,0.0000000,0.0000000,0.0000000,0.0000000,0.0000000,0.0000000,0.0000000
Acetylphosphate,2,0.0000000,0.0000000, 1.0000000,0.0000000,0.0000000,0.0000000,0.0000000,0.0000000,0.0000000,0.0000000,0.0000000,0.0000000,0.0000000,0.0000000,0.0000000,0.0000000
12-OPDA,2,0.0000000,0.0000000, 1.0000000,0.0000000,0.0000000,0.0000000,0.0000000,0.0000000,0.0000000,0.0000000,0.0000000,0.0000000,0.0000000,0.0000000,0.0000000,0.0000000
7-Dehydrodesmosterol,2,0.0000000,0.0000000, 1.0000000,0.0000000,0.0000000,0.0000000,0.0000000,0.0000000,0.0000000,0.0000000,0.0000000,0.0000000,0.0000000,0.0000000,0.0000000,0.0000000
N-a-Acetylcitrulline,2,0.0000000,0.0000000, 1.0000000,0.0000000,0.0000000,0.0000000,0.0000000,0.0000000,0.0000000,0.0000000,0.0000000,0.0000000,0.0000000,0.0000000,0.0000000,0.0000000
N-Formyl-L-glutamic acid,2,0.0000000,0.0000000, 1.0000000,0.0000000,0.0000000,0.0000000,0.0000000,0.0000000,0.0000000,0.0000000,0.0000000,0.0000000,0.0000000,0.0000000,0.0000000,0.0000000
cis-Aconitic acid,2,0.0000000,0.0000000, 1.0000000,0.0000000,0.0000000,0.0000000,0.0000000,0.0000000,0.0000000,0.0000000,0.0000000,0.0000000,0.0000000,0.0000000,0.0000000,0.0000000
Formylanthranilic acid,2,0.0000000,0.0000000, 1.0000000,0.0000000,0.0000000,0.0000000,0.0000000,0.0000000,0.0000000,0.0000000,0.0000000,0.0000000,0.0000000,0.0000000,0.0000000,0.0000000
Leucodopachrome,2,0.0000000,0.0000000, 1.0000000,0.0000000,0.0000000,0.0000000,0.0000000,0.0000000,0.0000000,0.0000000,0.0000000,0.0000000,0.0000000,0.0000000,0.0000000,0.0000000
4-Oxoglutaramate,2,0.0000000,0.0000000, 1.0000000,0.0000000,0.0000000,0.0000000,0.0000000,0.0000000,0.0000000,0.0000000,0.0000000,0.0000000,0.0000000,0.0000000,0.0000000,0.0000000
Phenylpyruvic acid,2,0.0000000,0.0000000, 1.0000000,0.0000000,0.0000000,0.0000000,0.0000000,0.0000000,0.0000000,0.0000000,0.0000000,0.0000000,0.0000000,0.0000000,0.0000000,0.0000000
2-Deoxystreptamine,2,0.0000000,0.0000000, 1.0000000,0.0000000,0.0000000,0.0000000,0.0000000,0.0000000,0.0000000,0.0000000,0.0000000,0.0000000,0.0000000,0.0000000,0.0000000,0.0000000
2-Hydroxy-3-oxoadipate,2,0.0000000,0.0000000, 0.9900000,0.0000000,0.0000000,0.0000000,0.0000000,0.0000000,0.0000000,0.0000000,0.0000000,0.0000000,0.0000000, 0.0100000,0.0000000,0.0000000
2-Hydroxybutyric acid,2,0.0000000,0.0000000, 1.0000000,0.0000000,0.0000000,0.0000000,0.0000000,0.0000000,0.0000000,0.0000000,0.0000000,0.0000000,0.0000000,0.0000000,0.0000000,0.0000000
6-Methylmercaptopurine,2,0.0000000,0.0000000, 1.0000000,0.0000000,0.0000000,0.0000000,0.0000000,0.0000000,0.0000000,0.0000000,0.0000000,0.0000000,0.0000000,0.0000000,0.0000000,0.0000000
Succinic acid,13, 0.0300000, 0.1800000, 0.2300000,0.0000000,0.0000000,0.0000000,0.0000000,0.0000000,0.0000000,0.0000000,0.0000000,0.0000000,0.0000000, 0.5400000,0.0000000, 0.0100000
N6-Acetyl-L-lysine,2,0.0000000,0.0000000, 1.0000000,0.0000000,0.0000000,0.0000000,0.0000000,0.0000000,0.0000000,0.0000000,0.0000000,0.0000000,0.0000000,0.0000000,0.0000000,0.0000000
1-Pyrroline-2-carboxylic acid,2,0.0000000,0.0000000, 1.0000000,0.0000000,0.0000000,0.0000000,0.0000000,0.0000000,0.0000000,0.0000000,0.0000000,0.0000000,0.0000000,0.0000000,0.0000000,0.0000000
4-Guanidinobutanoic acid,2,0.0000000,0.0000000, 1.0000000,0.0000000,0.0000000,0.0000000,0.0000000,0.0000000,0.0000000,0.0000000,0.0000000,0.0000000,0.0000000,0.0000000,0.0000000,0.0000000
Phosphoserine,2,0.0000000,0.0000000, 1.0000000,0.0000000,0.0000000,0.0000000,0.0000000,0.0000000,0.0000000,0.0000000,0.0000000,0.0000000,0.0000000,0.0000000,0.0000000,0.0000000
2-Amino-2-deoxy-D-gluconate,2,0.0000000,0.0000000, 1.0000000,0.0000000,0.0000000,0.0000000,0.0000000,0.0000000,0.0000000,0.0000000,0.0000000,0.0000000,0.0000000,0.0000000,0.0000000,0.0000000
13-L-Hydroperoxylinoleic acid,2,0.0000000,0.0000000, 1.0000000,0.0000000,0.0000000,0.0000000,0.0000000,0.0000000,0.0000000,0.0000000,0.0000000,0.0000000,0.0000000,0.0000000,0.0000000,0.0000000
L-Malic acid,2,0.0000000,0.0000000, 0.9900000,0.0000000,0.0000000,0.0000000,0.0000000,0.0000000,0.0000000,0.0000000,0.0000000,0.0000000,0.0000000, 0.0100000,0.0000000,0.0000000
2-Oxo-4-methylthiobutanoic acid,2,0.0000000,0.0000000, 1.0000000,0.0000000,0.0000000,0.0000000,0.0000000,0.0000000,0.0000000,0.0000000,0.0000000,0.0000000,0.0000000,0.0000000,0.0000000,0.0000000
Pyridoxamine,2,0.0000000,0.0000000, 1.0000000,0.0000000,0.0000000,0.0000000,0.0000000,0.0000000,0.0000000,0.0000000,0.0000000,0.0000000,0.0000000,0.0000000,0.0000000,0.0000000
Alpha-dimorphecolic acid,2,0.0000000,0.0000000, 1.0000000,0.0000000,0.0000000,0.0000000,0.0000000,0.0000000,0.0000000,0.0000000,0.0000000,0.0000000,0.0000000,0.0000000,0.0000000,0.0000000
"3,4-Dihydroxymandelic acid",2,0.0000000,0.0000000, 1.0000000,0.0000000,0.0000000,0.0000000,0.0000000,0.0000000,0.0000000,0.0000000,0.0000000,0.0000000,0.0000000,0.0000000,0.0000000,0.0000000
Se-Methylselenocysteine,2,0.0000000,0.0000000, 1.0000000,0.0000000,0.0000000,0.0000000,0.0000000,0.0000000,0.0000000,0.0000000,0.0000000,0.0000000,0.0000000,0.0000000,0.0000000,0.0000000
Pantothenol,2,0.0000000,0.0000000, 1.0000000,0.0000000,0.0000000,0.0000000,0.0000000,0.0000000,0.0000000,0.0000000,0.0000000,0.0000000,0.0000000,0.0000000,0.0000000,0.0000000
Selenomethionine,2,0.0000000,0.0000000, 1.0000000,0.0000000,0.0000000,0.0000000,0.0000000,0.0000000,0.0000000,0.0000000,0.0000000,0.0000000,0.0000000,0.0000000,0.0000000,0.0000000
"(R) 2,3-Dihydroxy-3-methylvalerate",2,0.0000000,0.0000000, 1.0000000,0.0000000,0.0000000,0.0000000,0.0000000,0.0000000,0.0000000,0.0000000,0.0000000,0.0000000,0.0000000,0.0000000,0.0000000,0.0000000
2-Oxoarginine,2,0.0000000,0.0000000, 1.0000000,0.0000000,0.0000000,0.0000000,0.0000000,0.0000000,0.0000000,0.0000000,0.0000000,0.0000000,0.0000000,0.0000000,0.0000000,0.0000000
Gentamicin C1a,2,0.0000000,0.0000000, 1.0000000,0.0000000,0.0000000,0.0000000,0.0000000,0.0000000,0.0000000,0.0000000,0.0000000,0.0000000,0.0000000,0.0000000,0.0000000,0.0000000
D-Glucose,2,0.0000000,0.0000000, 1.0000000,0.0000000,0.0000000,0.0000000,0.0000000,0.0000000,0.0000000,0.0000000,0.0000000,0.0000000,0.0000000,0.0000000,0.0000000,0.0000000
L-Tyrosine,3, 0.0700000, 0.0600000, 0.0600000, 0.0800000, 0.0700000, 0.0800000, 0.0800000, 0.0400000, 0.0800000, 0.0200000, 0.0200000, 0.0700000, 0.0600000, 0.0600000, 0.0800000, 0.0700000
Uridine,9,0.0000000,0.0000000,0.0000000,0.0000000,0.0000000,0.0000000,0.0000000,0.0000000,0.0000000, 0.9400000,0.0000000,0.0000000,0.0000000,0.0000000,0.0000000,0.0000000
Taurine,0, 0.3300000, 0.1700000, 0.0300000,0.0000000, 0.1000000, 0.0100000, 0.0300000,0.0000000,0.0000000,0.0000000,0.0000000,0.0000000,0.0000000, 0.0700000,0.0000000, 0.2700000
Citric acid,15, 0.1200000, 0.1100000, 0.0800000, 0.0400000, 0.1200000, 0.0800000, 0.1100000, 0.0100000, 0.0600000,0.0000000,0.0000000, 0.0200000, 0.0100000, 0.0900000, 0.0300000, 0.1300000
Uric acid,10, 0.0500000, 0.0500000, 0.0400000, 0.0700000, 0.0500000, 0.0600000, 0.0500000, 0.0900000, 0.0600000, 0.0600000, 0.1000000, 0.0800000, 0.0800000, 0.0400000, 0.0700000, 0.0500000
Dimethyl sulfone,2,0.0000000,0.0000000, 0.9100000,0.0000000,0.0000000,0.0000000,0.0000000,0.0000000,0.0000000,0.0000000,0.0000000,0.0000000,0.0000000, 0.0800000,0.0000000,0.0000000
Stachyose,5, 0.0800000, 0.0700000, 0.0600000, 0.0800000, 0.0800000, 0.0900000, 0.0900000, 0.0300000, 0.0900000, 0.0100000, 0.0100000, 0.0500000, 0.0400000, 0.0700000, 0.0700000, 0.0800000
L-Tryptophan,0, 0.0800000, 0.0800000, 0.0700000, 0.0700000, 0.0800000, 0.0800000, 0.0800000, 0.0300000, 0.0800000, 0.0100000, 0.0200000, 0.0500000, 0.0400000, 0.0700000, 0.0600000, 0.0800000
Pantothenic acid,13, 0.0100000, 0.0500000, 0.3900000,0.0000000,0.0000000,0.0000000,0.0000000,0.0000000,0.0000000,0.0000000,0.0000000,0.0000000,0.0000000, 0.5400000,0.0000000,0.0000000
Cytidine,13, 0.0200000, 0.1100000, 0.3200000,0.0000000,0.0000000,0.0000000,0.0000000,0.0000000,0.0000000,0.0000000,0.0000000,0.0000000,0.0000000, 0.5400000,0.0000000, 0.0100000
D-Mannose,2,0.0000000,0.0000000, 1.0000000,0.0000000,0.0000000,0.0000000,0.0000000,0.0000000,0.0000000,0.0000000,0.0000000,0.0000000,0.0000000,0.0000000,0.0000000,0.0000000
Anserine,2,0.0000000,0.0000000, 1.0000000,0.0000000,0.0000000,0.0000000,0.0000000,0.0000000,0.0000000,0.0000000,0.0000000,0.0000000,0.0000000,0.0000000,0.0000000,0.0000000
Phenylacetic acid,2,0.0000000,0.0000000, 1.0000000,0.0000000,0.0000000,0.0000000,0.0000000,0.0000000,0.0000000,0.0000000,0.0000000,0.0000000,0.0000000,0.0000000,0.0000000,0.0000000
(R)-3-Hydroxybutyric acid,2,0.0000000,0.0000000, 1.0000000,0.0000000,0.0000000,0.0000000,0.0000000,0.0000000,0.0000000,0.0000000,0.0000000,0.0000000,0.0000000,0.0000000,0.0000000,0.0000000
Dehydroascorbate,2,0.0000000,0.0000000, 1.0000000,0.0000000,0.0000000,0.0000000,0.0000000,0.0000000,0.0000000,0.0000000,0.0000000,0.0000000,0.0000000,0.0000000,0.0000000,0.0000000
L-Histidine,13, 0.1300000, 0.2100000, 0.2200000,0.0000000, 0.0500000, 0.0100000, 0.0200000,0.0000000, 0.0100000,0.0000000,0.0000000,0.0000000,0.0000000, 0.2500000,0.0000000, 0.0900000
3-Methylthiopropionic acid,2,0.0000000,0.0000000, 0.9900000,0.0000000,0.0000000,0.0000000,0.0000000,0.0000000,0.0000000,0.0000000,0.0000000,0.0000000,0.0000000, 0.0100000,0.0000000,0.0000000
Shikimic acid,13, 0.0500000, 0.1700000, 0.3500000,0.0000000, 0.0100000,0.0000000,0.0000000,0.0000000,0.0000000,0.0000000,0.0000000,0.0000000,0.0000000, 0.4000000,0.0000000, 0.0200000
trans-Cinnamate,2,0.0000000,0.0000000, 1.0000000,0.0000000,0.0000000,0.0000000,0.0000000,0.0000000,0.0000000,0.0000000,0.0000000,0.0000000,0.0000000,0.0000000,0.0000000,0.0000000
Fumaric acid,2,0.0000000,0.0000000, 1.0000000,0.0000000,0.0000000,0.0000000,0.0000000,0.0000000,0.0000000,0.0000000,0.0000000,0.0000000,0.0000000,0.0000000,0.0000000,0.0000000
Adenine,2,0.0000000,0.0000000, 1.0000000,0.0000000,0.0000000,0.0000000,0.0000000,0.0000000,0.0000000,0.0000000,0.0000000,0.0000000,0.0000000,0.0000000,0.0000000,0.0000000
Thymidine,2,0.0000000,0.0000000, 1.0000000,0.0000000,0.0000000,0.0000000,0.0000000,0.0000000,0.0000000,0.0000000,0.0000000,0.0000000,0.0000000,0.0000000,0.0000000,0.0000000
17a-Estradiol,2,0.0000000,0.0000000, 1.0000000,0.0000000,0.0000000,0.0000000,0.0000000,0.0000000,0.0000000,0.0000000,0.0000000,0.0000000,0.0000000,0.0000000,0.0000000,0.0000000
Uracil,2,0.0000000,0.0000000, 1.0000000,0.0000000,0.0000000,0.0000000,0.0000000,0.0000000,0.0000000,0.0000000,0.0000000,0.0000000,0.0000000,0.0000000,0.0000000,0.0000000
Pyruvic acid,2,0.0000000,0.0000000, 1.0000000,0.0000000,0.0000000,0.0000000,0.0000000,0.0000000,0.0000000,0.0000000,0.0000000,0.0000000,0.0000000,0.0000000,0.0000000,0.0000000
3-(2-Hydroxyphenyl)propanoic acid,2,0.0000000,0.0000000, 1.0000000,0.0000000,0.0000000,0.0000000,0.0000000,0.0000000,0.0000000,0.0000000,0.0000000,0.0000000,0.0000000,0.0000000,0.0000000,0.0000000
Kynurenic acid,2,0.0000000,0.0000000, 1.0000000,0.0000000,0.0000000,0.0000000,0.0000000,0.0000000,0.0000000,0.0000000,0.0000000,0.0000000,0.0000000,0.0000000,0.0000000,0.0000000
N-Acetylglutamic acid,2,0.0000000,0.0000000, 1.0000000,0.0000000,0.0000000,0.0000000,0.0000000,0.0000000,0.0000000,0.0000000,0.0000000,0.0000000,0.0000000,0.0000000,0.0000000,0.0000000
Prostaglandin F2a,2,0.0000000,0.0000000, 1.0000000,0.0000000,0.0000000,0.0000000,0.0000000,0.0000000,0.0000000,0.0000000,0.0000000,0.0000000,0.0000000,0.0000000,0.0000000,0.0000000
L-Lactic acid,2,0.0000000,0.0000000, 1.0000000,0.0000000,0.0000000,0.0000000,0.0000000,0.0000000,0.0000000,0.0000000,0.0000000,0.0000000,0.0000000,0.0000000,0.0000000,0.0000000
Dimethylglycine,2,0.0000000,0.0000000, 1.0000000,0.0000000,0.0000000,0.0000000,0.0000000,0.0000000,0.0000000,0.0000000,0.0000000,0.0000000,0.0000000,0.0000000,0.0000000,0.0000000
L-Aspartic acid,2,0.0000000,0.0000000, 1.0000000,0.0000000,0.0000000,0.0000000,0.0000000,0.0000000,0.0000000,0.0000000,0.0000000,0.0000000,0.0000000,0.0000000,0.0000000,0.0000000
N-Acetyl-L-phenylalanine,2,0.0000000,0.0000000, 1.0000000,0.0000000,0.0000000,0.0000000,0.0000000,0.0000000,0.0000000,0.0000000,0.0000000,0.0000000,0.0000000,0.0000000,0.0000000,0.0000000
Dehydroepiandrosterone,2,0.0000000,0.0000000, 1.0000000,0.0000000,0.0000000,0.0000000,0.0000000,0.0000000,0.0000000,0.0000000,0.0000000,0.0000000,0.0000000,0.0000000,0.0000000,0.0000000
"Fructose 1,6-bisphosphate",2,0.0000000,0.0000000, 1.0000000,0.0000000,0.0000000,0.0000000,0.0000000,0.0000000,0.0000000,0.0000000,0.0000000,0.0000000,0.0000000,0.0000000,0.0000000,0.0000000
5-Aminopentanoic acid,2,0.0000000,0.0000000, 1.0000000,0.0000000,0.0000000,0.0000000,0.0000000,0.0000000,0.0000000,0.0000000,0.0000000,0.0000000,0.0000000,0.0000000,0.0000000,0.0000000
Creatinine,2,0.0000000,0.0000000, 1.0000000,0.0000000,0.0000000,0.0000000,0.0000000,0.0000000,0.0000000,0.0000000,0.0000000,0.0000000,0.0000000,0.0000000,0.0000000,0.0000000
4-Hydroxycinnamic acid,2,0.0000000,0.0000000, 1.0000000,0.0000000,0.0000000,0.0000000,0.0000000,0.0000000,0.0000000,0.0000000,0.0000000,0.0000000,0.0000000,0.0000000,0.0000000,0.0000000
N-Acetyl-D-glucosamine,2,0.0000000,0.0000000, 1.0000000,0.0000000,0.0000000,0.0000000,0.0000000,0.0000000,0.0000000,0.0000000,0.0000000,0.0000000,0.0000000,0.0000000,0.0000000,0.0000000
1-Naphthylamine,2,0.0000000,0.0000000, 1.0000000,0.0000000,0.0000000,0.0000000,0.0000000,0.0000000,0.0000000,0.0000000,0.0000000,0.0000000,0.0000000,0.0000000,0.0000000,0.0000000
Phenylethylamine,2,0.0000000,0.0000000, 1.0000000,0.0000000,0.0000000,0.0000000,0.0000000,0.0000000,0.0000000,0.0000000,0.0000000,0.0000000,0.0000000,0.0000000,0.0000000,0.0000000
Guanosine,2,0.0000000,0.0000000, 1.0000000,0.0000000,0.0000000,0.0000000,0.0000000,0.0000000,0.0000000,0.0000000,0.0000000,0.0000000,0.0000000,0.0000000,0.0000000,0.0000000
Malonate,2,0.0000000,0.0000000, 1.0000000,0.0000000,0.0000000,0.0000000,0.0000000,0.0000000,0.0000000,0.0000000,0.0000000,0.0000000,0.0000000,0.0000000,0.0000000,0.0000000
Salicylic acid,2,0.0000000,0.0000000, 1.0000000,0.0000000,0.0000000,0.0000000,0.0000000,0.0000000,0.0000000,0.0000000,0.0000000,0.0000000,0.0000000,0.0000000,0.0000000,0.0000000
L-Phenylalanine,1, 0.2800000, 0.3500000, 0.0500000,0.0000000, 0.0300000,0.0000000, 0.0100000,0.0000000,0.0000000,0.0000000,0.0000000,0.0000000,0.0000000, 0.1500000,0.0000000, 0.1200000
5-Hydroxyindoleacetic acid,13, 0.0100000, 0.1500000, 0.1100000,0.0000000,0.0000000,0.0000000,0.0000000,0.0000000,0.0000000,0.0000000,0.0000000,0.0000000,0.0000000, 0.7200000,0.0000000,0.0000000
Threonic acid,1, 0.2100000, 0.2500000, 0.1000000,0.0000000, 0.0600000, 0.0100000, 0.0200000,0.0000000,0.0000000,0.0000000,0.0000000,0.0000000,0.0000000, 0.1900000,0.0000000, 0.1400000
12-Keto-leukotriene B4,13, 0.0100000, 0.0600000, 0.4600000,0.0000000,0.0000000,0.0000000,0.0000000,0.0000000,0.0000000,0.0000000,0.0000000,0.0000000,0.0000000, 0.4700000,0.0000000,0.0000000
1-Methylhistidine,2,0.0000000,0.0000000, 0.9200000,0.0000000,0.0000000,0.0000000,0.0000000,0.0000000,0.0000000,0.0000000,0.0000000,0.0000000,0.0000000, 0.0800000,0.0000000,0.0000000
N-Acetyl-alpha-D-glucosamine 1-phosphate,13,0.0000000, 0.0400000, 0.3200000,0.0000000,0.0000000,0.0000000,0.0000000,0.0000000,0.0000000,0.0000000,0.0000000,0.0000000,0.0000000, 0.6400000,0.0000000,0.0000000
"15-Deoxy-d-12,14-PGJ2",2,0.0000000,0.0000000, 0.9900000,0.0000000,0.0000000,0.0000000,0.0000000,0.0000000,0.0000000,0.0000000,0.0000000,0.0000000,0.0000000, 0.0100000,0.0000000,0.0000000
Glucosamine 6-phosphate,2,0.0000000,0.0000000, 1.0000000,0.0000000,0.0000000,0.0000000,0.0000000,0.0000000,0.0000000,0.0000000,0.0000000,0.0000000,0.0000000,0.0000000,0.0000000,0.0000000
Gluconolactone,2,0.0000000,0.0000000, 1.0000000,0.0000000,0.0000000,0.0000000,0.0000000,0.0000000,0.0000000,0.0000000,0.0000000,0.0000000,0.0000000,0.0000000,0.0000000,0.0000000
2-Aminophenol,2,0.0000000,0.0000000, 1.0000000,0.0000000,0.0000000,0.0000000,0.0000000,0.0000000,0.0000000,0.0000000,0.0000000,0.0000000,0.0000000,0.0000000,0.0000000,0.0000000
L-2-Hydroxyglutaric acid,2,0.0000000,0.0000000, 1.0000000,0.0000000,0.0000000,0.0000000,0.0000000,0.0000000,0.0000000,0.0000000,0.0000000,0.0000000,0.0000000,0.0000000,0.0000000,0.0000000
Jasmonic acid,2,0.0000000,0.0000000, 1.0000000,0.0000000,0.0000000,0.0000000,0.0000000,0.0000000,0.0000000,0.0000000,0.0000000,0.0000000,0.0000000,0.0000000,0.0000000,0.0000000
Oxoadipic acid,2,0.0000000,0.0000000, 1.0000000,0.0000000,0.0000000,0.0000000,0.0000000,0.0000000,0.0000000,0.0000000,0.0000000,0.0000000,0.0000000,0.0000000,0.0000000,0.0000000
Hepoxilin B3,2,0.0000000,0.0000000, 1.0000000,0.0000000,0.0000000,0.0000000,0.0000000,0.0000000,0.0000000,0.0000000,0.0000000,0.0000000,0.0000000,0.0000000,0.0000000,0.0000000
Lipoxin A4,2,0.0000000,0.0000000, 1.0000000,0.0000000,0.0000000,0.0000000,0.0000000,0.0000000,0.0000000,0.0000000,0.0000000,0.0000000,0.0000000,0.0000000,0.0000000,0.0000000
Ribose 1-phosphate,2,0.0000000,0.0000000, 1.0000000,0.0000000,0.0000000,0.0000000,0.0000000,0.0000000,0.0000000,0.0000000,0.0000000,0.0000000,0.0000000,0.0000000,0.0000000,0.0000000
Sphingosine 1-phosphate,2,0.0000000,0.0000000, 1.0000000,0.0000000,0.0000000,0.0000000,0.0000000,0.0000000,0.0000000,0.0000000,0.0000000,0.0000000,0.0000000,0.0000000,0.0000000,0.0000000
2-Isopropylmalic acid,2,0.0000000,0.0000000, 1.0000000,0.0000000,0.0000000,0.0000000,0.0000000,0.0000000,0.0000000,0.0000000,0.0000000,0.0000000,0.0000000,0.0000000,0.0000000,0.0000000
Arbutin,2,0.0000000,0.0000000, 1.0000000,0.0000000,0.0000000,0.0000000,0.0000000,0.0000000,0.0000000,0.0000000,0.0000000,0.0000000,0.0000000,0.0000000,0.0000000,0.0000000
Thromboxane B2,2,0.0000000,0.0000000, 1.0000000,0.0000000,0.0000000,0.0000000,0.0000000,0.0000000,0.0000000,0.0000000,0.0000000,0.0000000,0.0000000,0.0000000,0.0000000,0.0000000
Phospho-anandamide,2,0.0000000,0.0000000, 1.0000000,0.0000000,0.0000000,0.0000000,0.0000000,0.0000000,0.0000000,0.0000000,0.0000000,0.0000000,0.0000000,0.0000000,0.0000000,0.0000000
Prostaglandin A2,2,0.0000000,0.0000000, 1.0000000,0.0000000,0.0000000,0.0000000,0.0000000,0.0000000,0.0000000,0.0000000,0.0000000,0.0000000,0.0000000,0.0000000,0.0000000,0.0000000
Alpha-D-Glucose,2,0.0000000,0.0000000, 1.0000000,0.0000000,0.0000000,0.0000000,0.0000000,0.0000000,0.0000000,0.0000000,0.0000000,0.0000000,0.0000000,0.0000000,0.0000000,0.0000000
D-Octopine,2,0.0000000,0.0000000, 1.0000000,0.0000000,0.0000000,0.0000000,0.0000000,0.0000000,0.0000000,0.0000000,0.0000000,0.0000000,0.0000000,0.0000000,0.0000000,0.0000000
19(S)-HETE,2,0.0000000,0.0000000, 1.0000000,0.0000000,0.0000000,0.0000000,0.0000000,0.0000000,0.0000000,0.0000000,0.0000000,0.0000000,0.0000000,0.0000000,0.0000000,0.0000000
Geranylgeranyl-PP,2,0.0000000,0.0000000, 1.0000000,0.0000000,0.0000000,0.0000000,0.0000000,0.0000000,0.0000000,0.0000000,0.0000000,0.0000000,0.0000000,0.0000000,0.0000000,0.0000000
Prostaglandin B2,2,0.0000000,0.0000000, 1.0000000,0.0000000,0.0000000,0.0000000,0.0000000,0.0000000,0.0000000,0.0000000,0.0000000,0.0000000,0.0000000,0.0000000,0.0000000,0.0000000
Traumatic Acid,2,0.0000000,0.0000000, 1.0000000,0.0000000,0.0000000,0.0000000,0.0000000,0.0000000,0.0000000,0.0000000,0.0000000,0.0000000,0.0000000,0.0000000,0.0000000,0.0000000
"9,10-Epoxyoctadecenoic acid",2,0.0000000,0.0000000, 1.0000000,0.0000000,0.0000000,0.0000000,0.0000000,0.0000000,0.0000000,0.0000000,0.0000000,0.0000000,0.0000000,0.0000000,0.0000000,0.0000000
12-Keto-tetrahydro-leukotriene B4,2,0.0000000,0.0000000, 1.0000000,0.0000000,0.0000000,0.0000000,0.0000000,0.0000000,0.0000000,0.0000000,0.0000000,0.0000000,0.0000000,0.0000000,0.0000000,0.0000000
Glyceric acid,2,0.0000000,0.0000000, 1.0000000,0.0000000,0.0000000,0.0000000,0.0000000,0.0000000,0.0000000,0.0000000,0.0000000,0.0000000,0.0000000,0.0000000,0.0000000,0.0000000
Gentisic acid,2,0.0000000,0.0000000, 1.0000000,0.0000000,0.0000000,0.0000000,0.0000000,0.0000000,0.0000000,0.0000000,0.0000000,0.0000000,0.0000000,0.0000000,0.0000000,0.0000000
"14,15-DiHETrE",2,0.0000000,0.0000000, 1.0000000,0.0000000,0.0000000,0.0000000,0.0000000,0.0000000,0.0000000,0.0000000,0.0000000,0.0000000,0.0000000,0.0000000,0.0000000,0.0000000
13S-hydroxyoctadecadienoic acid,2,0.0000000,0.0000000, 1.0000000,0.0000000,0.0000000,0.0000000,0.0000000,0.0000000,0.0000000,0.0000000,0.0000000,0.0000000,0.0000000,0.0000000,0.0000000,0.0000000
N-Formyl-L-methionine,0, 0.2000000, 0.2000000, 0.1000000,0.0000000, 0.0900000, 0.0200000, 0.0400000,0.0000000, 0.0100000,0.0000000,0.0000000,0.0000000,0.0000000, 0.1600000,0.0000000, 0.1600000
Ascorbate,2,0.0000000, 0.0200000, 0.4900000,0.0000000,0.0000000,0.0000000,0.0000000,0.0000000,0.0000000,0.0000000,0.0000000,0.0000000,0.0000000, 0.4900000,0.0000000,0.0000000
D-Glutamine,2,0.0000000,0.0000000, 1.0000000,0.0000000,0.0000000,0.0000000,0.0000000,0.0000000,0.0000000,0.0000000,0.0000000,0.0000000,0.0000000,0.0000000,0.0000000,0.0000000
Hydrogen phosphate,2,0.0000000,0.0000000, 1.0000000,0.0000000,0.0000000,0.0000000,0.0000000,0.0000000,0.0000000,0.0000000,0.0000000,0.0000000,0.0000000,0.0000000,0.0000000,0.0000000
Deoxyuridine,2,0.0000000,0.0000000, 1.0000000,0.0000000,0.0000000,0.0000000,0.0000000,0.0000000,0.0000000,0.0000000,0.0000000,0.0000000,0.0000000,0.0000000,0.0000000,0.0000000
alpha-Ketoisovaleric acid,2,0.0000000,0.0000000, 1.0000000,0.0000000,0.0000000,0.0000000,0.0000000,0.0000000,0.0000000,0.0000000,0.0000000,0.0000000,0.0000000,0.0000000,0.0000000,0.0000000
Allantoic acid,2,0.0000000,0.0000000, 1.0000000,0.0000000,0.0000000,0.0000000,0.0000000,0.0000000,0.0000000,0.0000000,0.0000000,0.0000000,0.0000000,0.0000000,0.0000000,0.0000000
N-Acetylmuramate,2,0.0000000,0.0000000, 1.0000000,0.0000000,0.0000000,0.0000000,0.0000000,0.0000000,0.0000000,0.0000000,0.0000000,0.0000000,0.0000000,0.0000000,0.0000000,0.0000000
Resveratrol,13, 0.1100000, 0.3100000, 0.1500000,0.0000000, 0.0200000,0.0000000, 0.0100000,0.0000000,0.0000000,0.0000000,0.0000000,0.0000000,0.0000000, 0.3600000,0.0000000, 0.0500000
N-Acetylaspartylglutamate,2,0.0000000,0.0000000, 1.0000000,0.0000000,0.0000000,0.0000000,0.0000000,0.0000000,0.0000000,0.0000000,0.0000000,0.0000000,0.0000000,0.0000000,0.0000000,0.0000000
beta-D-Fructose 6-phosphate,2,0.0000000,0.0000000, 1.0000000,0.0000000,0.0000000,0.0000000,0.0000000,0.0000000,0.0000000,0.0000000,0.0000000,0.0000000,0.0000000,0.0000000,0.0000000,0.0000000
"12,13-DHOME",2,0.0000000,0.0000000, 1.0000000,0.0000000,0.0000000,0.0000000,0.0000000,0.0000000,0.0000000,0.0000000,0.0000000,0.0000000,0.0000000,0.0000000,0.0000000,0.0000000
Mesaconate,2,0.0000000,0.0000000, 1.0000000,0.0000000,0.0000000,0.0000000,0.0000000,0.0000000,0.0000000,0.0000000,0.0000000,0.0000000,0.0000000,0.0000000,0.0000000,0.0000000
