ID,Cluster,x,y
"[1, ]",1,-0.803739264931451,-0.853052609097935
"[2, ]",1,0.852850728148773,0.367618436999606
"[3, ]",1,0.927179506105653,-0.274902437566225
"[4, ]",1,-0.752626056626365,-0.511565170496435
"[5, ]",1,0.706846224294882,0.81067919693492
"[6, ]",1,1.0346985222527,0.394655023166806
"[7, ]",1,-0.475845197699957,0.989760805249143
"[8, ]",1,-0.460301566967151,-0.858997792847955
"[9, ]",1,-0.680301544955355,-0.66149481321353
"[10, ]",1,-1.03196929988978,-0.0219935446644728
"[11, ]",1,-0.242498372239704,-1.05033275558452
"[12, ]",1,-0.892258364269624,-0.339169233215386
"[13, ]",1,-0.802034403520755,-0.77416776747668
"[14, ]",1,-0.0471955691399568,-1.01613798584755
"[15, ]",1,1.19470426661764,-0.269002460987329
"[16, ]",1,-0.221487390175705,-0.919131895891675
"[17, ]",1,-0.410475320013416,0.964479004794388
"[18, ]",1,-0.838935270223631,-0.407979035023443
"[19, ]",1,-0.889147510805223,0.614016108166731
"[20, ]",1,0.905564127260602,0.184568396547991
"[21, ]",1,-0.00579485156131487,-0.884430709419748
"[22, ]",1,-0.703810394965576,0.54749249234897
"[23, ]",1,-1.07081570617814,-0.158982746612178
"[24, ]",1,1.00723761879231,0.385175352050115
"[25, ]",1,-0.584861589344916,0.700117705614835
"[26, ]",1,-0.881140152628223,-0.0118887593850608
"[27, ]",1,0.326995042961589,0.998908556122335
"[28, ]",1,-1.04762113766461,0.118543573060775
"[29, ]",1,-0.119960489461039,-1.03541072663439
"[30, ]",1,-0.785532935689462,0.713418469247788
"[31, ]",1,0.64626878403344,-0.643552160711392
"[32, ]",1,-0.224939369705449,-0.883275717806866
"[33, ]",1,-0.719297745948344,-1.0133377180508
"[34, ]",1,-0.495498158632031,-0.919302400100962
"[35, ]",1,-0.865554333876342,-0.255682821707783
"[36, ]",1,-0.480275760487044,0.734425872156833
"[37, ]",1,-0.574924098976696,0.640987738716475
"[38, ]",1,-0.859579849898589,0.494432339322621
"[39, ]",1,-0.282655199168274,-0.863595305793604
"[40, ]",1,-1.00650023359492,-0.0214167241791648
"[41, ]",1,0.785112376070748,0.312774805168509
"[42, ]",1,-0.978886770481908,-0.0926920873922548
"[43, ]",1,-1.02299946005987,0.32412276782844
"[44, ]",1,-0.244125143172437,-0.976346931712131
"[45, ]",1,-0.638082460824449,-0.762434476965052
"[46, ]",1,-0.704895634788548,0.689572542922241
"[47, ]",1,-0.968406055714076,0.298019352526732
"[48, ]",1,-1.08602264565593,-0.289435663047736
"[49, ]",1,-0.759840322224788,0.59145342429678
"[50, ]",1,-0.417135393926011,0.931121521098711
"[51, ]",1,-0.994615580869019,0.365414202012519
"[52, ]",1,-0.335460820621538,0.910485656275386
"[53, ]",1,-0.781787666841366,0.788850198307451
"[54, ]",1,-0.788195033781885,-0.382897530723648
"[55, ]",1,-0.296723291456035,1.06271902562954
"[56, ]",1,0.603422610800918,-0.833291344571032
"[57, ]",1,0.761733476790422,-0.646470923337219
"[58, ]",1,-0.574894761947336,-0.783449574962227
"[59, ]",1,0.892144089551772,-0.216737656126802
"[60, ]",1,-0.500668927396244,0.863406458649768
"[61, ]",1,0.935075807447338,0.0982503659673027
"[62, ]",1,1.00445878508516,-0.157533422985375
"[63, ]",1,-0.199669627149437,1.05929724693854
"[64, ]",1,-0.788029457098908,0.549092169063638
"[65, ]",1,-0.0153348182272421,-0.908054285092611
"[66, ]",1,0.924897158747716,-0.488598758672284
"[67, ]",1,-0.481627522180626,-0.91874824336428
"[68, ]",1,0.727050931431506,-0.715847173439532
"[69, ]",1,0.636964049749916,-0.682374393449365
"[70, ]",1,0.900493355216177,-0.616703059933353
"[72, ]",1,-0.5425222885331,0.875890711251284
"[73, ]",1,-0.822179675227259,0.642827292222851
"[74, ]",1,0.779052825794606,-0.64976539940025
"[75, ]",1,0.847976325438972,0.0664998938064364
"[76, ]",1,-0.198008283256926,0.967988241619847
"[77, ]",1,-0.915473534616129,-0.109847687726295
"[78, ]",1,-0.443852071619593,0.739740501972193
"[79, ]",1,0.327674687784267,1.12732139007325
"[80, ]",1,-0.316080938208137,-1.12643656248595
"[81, ]",1,-0.280592017806998,-1.08055137868903
"[82, ]",1,-0.239044981568536,0.900086951144226
"[83, ]",1,-0.667160482091963,-0.927902046225187
"[84, ]",1,-0.288130775045701,1.0723974442798
"[85, ]",1,1.14351740717995,0.368194543070176
"[86, ]",1,0.306101737108767,1.11412195803996
"[87, ]",1,0.0145245832515131,-1.04119133384681
"[88, ]",1,-0.349802082479889,-0.893318737169915
"[89, ]",1,-0.169793292269393,1.0737454478535
"[90, ]",1,-0.519039046944157,0.920112779302347
"[91, ]",1,-0.148674442320451,1.05401573644066
"[92, ]",1,0.282328654744532,-0.968597288095286
"[93, ]",1,0.678938205546423,0.679054894442866
"[94, ]",1,0.561420751654583,-0.837835980771366
"[95, ]",1,-0.444902538912065,-0.931383629830225
"[96, ]",1,1.07730848239167,-0.185903203360296
"[97, ]",1,-0.443026705185629,1.04852266543875
"[98, ]",1,0.859553426566708,0.42933089337203
"[99, ]",1,0.948430188444215,0.624660286335679
"[100, ]",1,0.851000286321132,0.683223795657274
"[101, ]",1,0.100556823868426,1.02679123571811
"[102, ]",1,-0.404063046357425,-0.895677024009341
"[103, ]",1,-0.0561555799385547,1.19302631133222
"[104, ]",1,-0.918302974946997,-0.167889400063166
"[105, ]",1,-0.464684091592427,0.858479675923712
"[106, ]",1,0.655787359240114,-0.814389553167456
"[107, ]",1,-0.459383795162073,-0.795522779410961
"[108, ]",1,0.325764709088111,0.727156542613987
"[109, ]",1,0.699058897559844,0.697087173268396
"[110, ]",1,-0.983393630682207,-0.31629303929479
"[111, ]",1,-0.162387972422149,-1.00709588144794
"[112, ]",1,-0.722755392591235,-0.785775098049518
"[113, ]",1,-0.932655882248131,-0.210556804927335
"[114, ]",1,0.593786837007164,0.808613317734224
"[115, ]",1,-0.0131535800990943,-0.997819940466373
"[116, ]",1,0.657561270078968,-0.772887623220216
"[117, ]",1,-0.230537003520968,-1.19488711063046
"[118, ]",1,0.147786549454241,0.90507733142605
"[119, ]",1,0.809364662361755,0.547769233272915
"[120, ]",1,-0.00940773532105332,0.992682567564831
"[121, ]",1,-0.183158587462188,0.930723685264076
"[122, ]",1,-1.02479889441858,-0.147806116991631
"[123, ]",1,0.883979304054875,0.44253917543922
"[124, ]",1,1.02224987721133,0.0716783285836294
"[125, ]",1,0.870243110482124,-0.265092454603577
"[126, ]",1,0.150713694916895,-0.899820650087643
"[127, ]",1,-0.858463241202387,-0.401678136971869
"[128, ]",1,-0.920255517771222,0.113438466787411
"[129, ]",1,-1.13179983258903,-0.045531976583577
"[130, ]",1,0.671075537452517,0.788355722851155
"[131, ]",1,0.962010609559452,0.253676315897756
"[132, ]",1,0.429357022619571,0.977455415819045
"[133, ]",1,-1.02679449283217,-0.0990966219886329
"[134, ]",1,0.275202831172387,0.862920170292931
"[135, ]",1,-0.889399783328264,0.258912871264317
"[136, ]",1,-0.246533173440828,-0.825940442183593
"[137, ]",1,-0.87508921730404,-0.683545953930707
"[138, ]",1,-0.762016528736343,0.2694716209502
"[139, ]",1,1.06288879524299,-0.422579095138231
"[140, ]",1,-1.01367435199613,0.607914395559285
"[141, ]",1,-0.394242392129765,0.80626712583752
"[142, ]",1,0.557793512169238,0.68941717467732
"[143, ]",1,0.709019161020004,-0.783424746882473
"[144, ]",1,-1.10222539987511,-0.195675276783767
"[145, ]",1,0.633310276138343,-0.898368647391846
"[146, ]",1,0.299027572505739,-0.901647800648939
"[147, ]",1,0.700982846252247,-0.658757092108078
"[148, ]",1,0.703444646192725,0.444484793266695
"[149, ]",1,0.368201085843829,0.805240033282262
"[150, ]",1,0.468126811922221,0.911412309764938
"[151, ]",1,-0.336590789404646,-0.945557268842443
"[152, ]",1,0.107170840291531,-0.989140869923707
"[153, ]",1,0.735782299711771,-0.407961850483818
"[154, ]",1,-0.706783883771521,-0.584912615808547
"[155, ]",1,0.584758381590279,0.95348479435022
"[156, ]",1,0.976853725835119,0.445102193347918
"[157, ]",1,-0.376127262264717,-0.912243209318243
"[158, ]",1,-0.366289558802117,-0.992518959981244
"[159, ]",1,-0.639402940830338,1.00799990727887
"[160, ]",1,-0.544427448886744,0.838560216492015
"[161, ]",1,-0.605162305441556,-0.687107735651259
"[162, ]",1,-0.43219680267995,-0.933534180752326
"[163, ]",1,-0.734427827055947,-0.545456082604077
"[164, ]",1,-0.859607873542707,0.580895335599817
"[165, ]",1,0.585066630243338,0.779951407586247
"[166, ]",1,0.39998738571025,0.898426232640645
"[168, ]",1,-0.187923042403171,0.924909816865953
"[169, ]",1,-0.25565024454702,0.936662697875565
"[170, ]",1,0.753728209277742,-0.461437859736012
"[171, ]",1,0.925919194575441,-0.190205600662762
"[172, ]",1,0.0299704974266103,-0.8862509742221
"[173, ]",1,-0.511473413785335,0.696032530354073
"[174, ]",1,-0.924489383973877,-0.322967296458316
"[175, ]",1,0.738405241021643,-0.707329281475652
"[176, ]",1,-0.541463490422534,-0.71620980248369
"[177, ]",1,-0.973749009689328,0.571249541979745
"[178, ]",1,0.732233944015412,-0.607760848889644
"[179, ]",1,0.358758962743715,-0.809916372380863
"[180, ]",1,-0.100171826524621,-1.09193699520416
"[181, ]",1,-0.749711052848709,-0.491216892737906
"[182, ]",1,-0.115092752868017,1.04954466590307
"[183, ]",1,1.01442242880226,0.483978803870084
"[184, ]",1,0.982817781831035,-0.404788603406789
"[185, ]",1,0.88989232439539,0.592228321047374
"[186, ]",1,1.01582159108917,-0.257344401589415
"[187, ]",1,0.521892093128782,-0.902466731713381
"[188, ]",1,-0.387758965412636,1.09001205370578
"[189, ]",1,1.04568638776806,-0.411838815610143
"[190, ]",1,-0.49409573887298,-0.89036998933922
"[191, ]",1,-0.934220780082418,0.347804830893552
"[192, ]",1,-1.05561097199177,0.150803255781673
"[193, ]",1,-0.721658536004122,0.585467536805662
"[194, ]",1,0.604858021674682,0.873589324705592
"[195, ]",1,0.818547845674429,0.144189488596859
"[196, ]",1,0.682943657913796,-0.711958589959827
"[197, ]",1,0.954946951615312,-0.50948024263441
"[198, ]",1,-0.712926991244591,0.5144649958367
"[199, ]",1,0.264189236462052,-1.11945563515997
"[200, ]",1,-0.953450886127909,-0.431952353422349
"[201, ]",1,0.719424719620428,0.342023723789449
"[202, ]",1,0.78122532344102,0.50425588645525
"[203, ]",1,-0.0448674824982645,-0.797766433506738
"[204, ]",1,0.729610881808927,0.728054013643864
"[205, ]",1,1.06956403940622,0.173994796432935
"[206, ]",1,0.782162325037311,-0.066954731694934
"[207, ]",1,0.951081921373602,0.526949124247762
"[208, ]",1,0.578524274409515,0.799631021606636
"[209, ]",1,-0.0389253887633099,-0.979950693224914
"[210, ]",1,-0.695850903239681,0.74010781886963
"[211, ]",1,0.679723708054904,-0.753955282932089
"[212, ]",1,-0.792915172537123,0.112464208667136
"[213, ]",1,0.831811410393484,0.311254021582021
"[214, ]",1,-1.04035342292313,0.143895845177787
"[215, ]",1,-0.258739512322615,-0.978908628795017
"[216, ]",1,0.646792475248678,-0.745640187088232
"[217, ]",1,-0.142580239669567,1.08441927896604
"[218, ]",1,-1.19589947035329,0.259384171561046
"[219, ]",1,-0.370360607327122,-0.785791441959866
"[220, ]",1,0.574262476625732,-0.676210803794401
"[221, ]",1,0.649384457387304,0.603707104643433
"[222, ]",1,0.801917625370865,0.445561853694964
"[223, ]",1,0.918427807794437,-0.310317717083253
"[224, ]",1,0.925833491151114,0.0216067569467763
"[225, ]",1,0.393500382920643,0.763553073072889
"[226, ]",1,-0.395457154352827,0.74544893370225
"[227, ]",1,1.09011903858549,-0.295959450202136
"[228, ]",1,0.943823817197774,-0.420454059293226
"[229, ]",1,-0.589473794824837,0.753436992780498
"[230, ]",1,0.253709703746087,-0.888716989343685
"[231, ]",1,-0.112106445991979,1.03427843206991
"[232, ]",1,-0.398277706688312,1.06449932226489
"[233, ]",1,-0.608624967258461,-0.812764556314253
"[234, ]",1,0.188079180609719,0.988583731268842
"[235, ]",1,0.122181762454557,-1.13223241461579
"[236, ]",1,-0.682956931481981,-0.856316197100266
"[237, ]",1,-0.871042485898648,0.107603623454814
"[238, ]",1,-0.986757612504687,0.262333951028506
"[239, ]",1,0.59838611617589,-0.832175698200264
"[240, ]",1,0.492569475183698,0.936907840973156
"[241, ]",1,0.216319218992883,0.971096177835475
"[242, ]",1,0.401345265027515,-0.725683953983563
"[243, ]",1,-1.05021514448482,0.104895622217865
"[244, ]",1,0.863635924180081,-0.624883810978345
"[245, ]",1,1.19057317206385,-0.12036871313323
"[246, ]",1,0.372316240158177,-1.06455039475801
"[247, ]",1,1.08019337898433,0.0446708194182857
"[248, ]",1,0.967801214954352,0.263154818995415
"[249, ]",1,0.179958624681512,-0.996118123050014
"[250, ]",1,0.915290163437367,0.191892721747891
"[251, ]",1,0.537063349478433,-0.743538780550452
"[252, ]",1,0.903678975993969,-0.561382131426721
"[253, ]",1,0.917140694954889,-0.442510167533206
"[254, ]",1,0.809630250677841,0.588982110161789
"[255, ]",1,-0.800227552303827,-0.378002610743288
"[256, ]",1,-0.850376508714253,0.473175828001378
"[257, ]",1,0.80779474268597,0.553214405595499
"[258, ]",1,-1.01674867835129,-0.253194711098617
"[259, ]",1,0.937522429313613,-0.474724584956915
"[260, ]",1,0.539614470805238,0.890387777716435
"[261, ]",1,0.749676059781083,-0.83595287885724
"[262, ]",1,-0.568716243473493,0.855219375950694
"[263, ]",1,0.231427011580253,-0.747461872770869
"[264, ]",1,-0.927497615461916,-0.601465711670837
"[265, ]",1,0.281684155853889,-1.04902465761422
"[266, ]",1,-0.809635932987764,-0.716048959830607
"[267, ]",1,-0.246697209206619,-1.00837112564446
"[268, ]",1,-0.67863393402558,-0.753586681746985
"[269, ]",1,0.219364731264358,1.01412121262128
"[270, ]",1,0.50694165195034,-0.853311138010887
"[271, ]",1,-0.423679318161418,0.848937441278224
"[272, ]",1,0.91514435427793,0.148185177375934
"[273, ]",1,0.433598129952754,-0.737154095526694
"[274, ]",1,0.756401798264804,-0.625579140465025
"[275, ]",1,1.0953763807967,-0.291805356192526
"[276, ]",1,-0.934517998110399,0.404302674232829
"[277, ]",1,0.926942726470066,-0.388022249272289
"[278, ]",1,0.673061121038585,0.588378026514391
"[279, ]",1,-0.0767605433164253,-0.922424010051386
"[280, ]",1,0.0441338201742741,-0.858888328459777
"[281, ]",1,-0.990156607660885,0.00384544494129356
"[282, ]",1,0.322583280896274,-1.07042423093878
"[283, ]",1,-0.568774381499486,0.740375036176209
"[284, ]",1,0.674575907560944,-0.644941843037983
"[285, ]",1,-0.533057086265142,-0.945085809741306
"[286, ]",1,0.513921363026318,-0.918111962222985
"[287, ]",1,-0.738245392999902,0.567239675357562
"[288, ]",1,-0.171122385234448,-0.9984368939862
"[289, ]",1,-1.10484021463331,0.183653910212458
"[290, ]",1,0.122506260394387,-0.973069017921902
"[291, ]",1,1.03024045365746,0.0804272410125602
"[292, ]",1,0.416450929395599,0.960155449414066
"[293, ]",1,-0.958693760165291,0.223958404214168
"[294, ]",1,-0.338922337337827,0.912213801816394
"[295, ]",1,0.988649501371352,0.0567465623984957
"[296, ]",1,1.14810148400752,-0.357309862732224
"[297, ]",1,-0.345145597789425,1.02594534679556
"[298, ]",1,-0.793864621028079,-0.580611772163497
"[299, ]",1,0.388372872726285,1.09498649351442
"[300, ]",1,0.32211863991541,1.0573634653259
"[301, ]",1,-0.775505693304205,0.796575839393479
"[302, ]",1,-0.612419610381527,0.694787550466195
"[303, ]",1,-0.643334944917567,-0.829474218859188
"[304, ]",1,0.564524200779898,-0.82887838692339
"[305, ]",1,-0.0442407587523097,-1.02886858405281
"[306, ]",1,-0.684082082037474,-0.682210661270603
"[307, ]",1,-0.772663163226427,0.591019434597205
"[308, ]",1,0.808936469007161,-0.626609724628902
"[309, ]",1,-0.421530366085706,0.783201290747796
"[310, ]",1,0.529090103347753,-0.89193396470941
"[311, ]",1,0.614093553389025,0.728875285244397
"[312, ]",1,0.197285802448038,0.89577872006212
"[313, ]",1,-0.687219741053546,-0.608432753926829
"[314, ]",1,-0.288308023089339,1.03844317861909
"[315, ]",1,-0.789786264848859,-0.580753227813211
"[316, ]",1,0.757778941460476,-0.842400216680867
"[317, ]",1,0.0345538463504746,-0.70504736830588
"[318, ]",1,1.03261002161624,0.0773145280011211
"[319, ]",1,-0.898876083068126,0.0622981910226513
"[320, ]",1,-0.260046899581901,0.741245321191922
"[321, ]",1,-0.221503192892522,-1.01970250136357
"[322, ]",1,0.000227598550134045,-0.922520718512337
"[323, ]",1,-0.440313997306747,0.906369857145299
"[324, ]",1,-1.08931846717497,0.272519920397231
"[325, ]",1,0.143677509365845,1.02988836199991
"[326, ]",1,-0.728457466270771,-0.69828069628811
"[327, ]",1,0.939064508307494,0.157417709632563
"[328, ]",1,-1.1438321011145,-0.332988943569015
"[329, ]",1,1.08553370843203,0.209132979620321
"[330, ]",1,-0.830920454449005,-0.859403633394485
"[331, ]",1,0.277577001830735,0.942971744070482
"[332, ]",1,0.687953842005412,0.843943031917534
"[333, ]",1,-0.209648050796496,0.911495103578342
"[334, ]",1,0.853407743483151,-0.407064410089722
"[335, ]",1,-0.211136460732827,-0.876519251830709
"[336, ]",1,-0.841486947307173,-0.381415661609632
"[337, ]",1,-0.233492265206864,0.975239652650674
"[338, ]",1,0.817752010143394,-0.180794929372173
"[339, ]",1,-0.89558816409719,0.44178011310452
"[340, ]",1,-0.773780106445548,0.369665471388397
"[341, ]",1,-0.220031118144815,0.935135185017718
"[342, ]",1,0.877979400561088,-0.65602627161457
"[343, ]",1,0.371135099585864,1.01738764583034
"[344, ]",1,0.786717304455697,-0.517424356292468
"[345, ]",1,0.0353685613310645,-1.05787851824217
"[346, ]",1,1.10302624388274,0.0418329421243435
"[347, ]",1,-0.254478032628077,0.817798747130844
"[348, ]",1,-0.842662103671188,-0.0533240979347842
"[349, ]",1,-1.07073341956692,0.165433031289784
"[350, ]",1,-0.43705565191807,0.72672580096841
"[351, ]",1,-1.03670712201608,-0.243436412437586
"[352, ]",1,0.885086280209465,0.258103549220195
"[353, ]",1,-0.505149336170681,0.879571313677461
"[354, ]",1,-0.925513589309662,0.299900336979257
"[355, ]",1,-0.824474848164796,-0.332469834568734
"[356, ]",1,0.990277384228785,0.766065956562731
"[357, ]",1,0.969772435634061,-0.754870927249778
"[358, ]",1,-0.585403466496254,-0.741662504477354
"[359, ]",1,-0.661999406267167,-0.61414741404037
"[360, ]",1,1.01198638056971,-0.47667175875113
"[361, ]",1,0.966548570381054,0.475916022492044
"[362, ]",1,0.838584727879502,-0.186746548620077
"[363, ]",1,0.0878131611356155,-1.08794970457405
"[364, ]",1,-0.127461080934006,0.931957732524845
"[365, ]",1,-1.04004940995367,-0.421467654110335
"[366, ]",1,0.600165190633169,0.639287959366475
"[367, ]",1,-1.02731178943214,0.0108126617483183
"[368, ]",1,0.751166501358901,-0.806561522018881
"[369, ]",1,0.0204451199747536,1.14891698194219
"[370, ]",1,0.923292677308253,0.410913409068384
"[371, ]",1,-0.226554642791045,0.98677171749888
"[372, ]",1,-0.844961066365106,-0.517983262414103
"[373, ]",1,0.880634893237017,-0.713072941804325
"[374, ]",1,-0.144882147798026,0.921919457716819
"[375, ]",1,-0.901185157310547,0.334708590208379
"[376, ]",1,0.678986619221055,-0.639580208310834
"[377, ]",1,-0.100715891410973,-0.935706809243029
"[378, ]",1,-0.883369117607804,-0.389228714820764
"[379, ]",1,0.821963371429192,-0.457753150960789
"[380, ]",1,-1.05302982620846,-0.248142190187869
"[381, ]",1,-0.823277992126115,0.699294077122332
"[382, ]",1,-1.12949078260883,-0.207680133628767
"[383, ]",1,-0.341667709676553,-1.02715467378727
"[384, ]",1,1.06866811358704,0.228433107235093
"[385, ]",1,0.746526999229566,-0.154390984465382
"[386, ]",1,1.06198981154619,-0.131627803266911
"[387, ]",1,0.819370501761788,0.640140889084776
"[388, ]",1,0.031085357101536,-1.12769634468109
"[389, ]",1,-0.861660126853297,-0.424929232874921
"[390, ]",1,0.866194005726362,-0.802868048632051
"[391, ]",1,0.944726893932346,0.365375974826557
"[392, ]",1,-1.08902396125854,-0.00501960648043487
"[393, ]",1,-0.684220201300069,-0.764100794822363
"[394, ]",1,0.785642706081441,0.443028447043243
"[395, ]",1,1.18741376605818,0.0950935377160464
"[396, ]",1,0.974779967880748,0.0799520997664721
"[397, ]",1,0.292103707296016,1.07466828932113
"[398, ]",1,0.488792446872117,-0.664979525197406
"[399, ]",1,-0.0312249853111461,-0.94213661600676
"[400, ]",1,-0.637073607732378,-0.905257160232135
"[1001, ]",1,-1.00478009297512,-0.704570429067335
"[1003, ]",1,-0.11904431367293,-0.786918519142206
"[1010, ]",1,0.417571279685944,-0.542330618346429
"[1016, ]",1,0.715252432739362,-0.640796167316563
"[1017, ]",1,-0.51655735890381,-0.618777449314226
"[1027, ]",1,0.634135653264821,0.746845306340305
"[1032, ]",1,-0.077278096228838,-1.23063004874338
"[1037, ]",1,0.312840851722285,-1.06903731748753
"[1038, ]",1,1.33977134968154,-0.105868942584581
"[1039, ]",1,0.501845631748438,0.540406170246858
"[1040, ]",1,0.743662473745644,0.691106500225722
"[1042, ]",1,-0.90701219625771,-0.0687890370297913
"[71, ]",-1,0.000894185673965336,0.836135739105192
"[167, ]",-1,0.618361885869649,-0.293939839092841
"[915, ]",-1,-0.75761147774756,-2.68320623527835
"[925, ]",-1,-0.0347896077437326,-3.23179375708166
"[1002, ]",-1,0.645298875169829,-2.43796456521565
"[1005, ]",-1,-0.132260280428454,-3.35346215533992
"[1006, ]",-1,1.3421913748607,-1.58451781211317
"[1007, ]",-1,1.1502225715667,1.25387414958176
"[1008, ]",-1,0.832521548727527,-1.77402105553215
"[1009, ]",-1,-1.35338261467405,-2.42366797987888
"[1011, ]",-1,-1.05641135852784,-1.72300089079084
"[1013, ]",-1,-1.37727445363998,0.082048862474279
"[1015, ]",-1,0.588199727470055,-2.42521580141674
"[1019, ]",-1,-1.4011699820403,-0.372166097063879
"[1020, ]",-1,1.22310388111509,-0.699386754115345
"[1022, ]",-1,1.19912670878693,-1.20864945963727
"[1023, ]",-1,-1.02054847218096,1.04797322983086
"[1025, ]",-1,0.350655363639817,-2.27722931459657
"[1026, ]",-1,1.16609315620735,-0.908875993499262
"[1028, ]",-1,1.0904224072583,-0.967547816525937
"[1029, ]",-1,-1.19565228628926,-1.51143271540468
"[1030, ]",-1,-0.0207804192323238,0.164805238598266
"[1031, ]",-1,1.04200659901835,-1.46527734167614
"[1034, ]",-1,-1.12277188338339,0.779144331970653
"[1035, ]",-1,0.277427412103862,-1.82534271569087
"[1036, ]",-1,-0.601071237120777,-1.22887995263464
"[1041, ]",-1,1.00433565373532,-1.22721691586308
"[1044, ]",-1,-1.17620811145753,-1.53782137335315
"[1046, ]",-1,1.4112614938058,-2.10041581804787
"[1047, ]",-1,1.4922076233197,-0.408780069644115
"[1048, ]",-1,-0.582401798805222,-0.26628743230754
"[1049, ]",-1,-1.08510747249238,-0.782722437775699
"[401, ]",2,-0.32149570597258,-0.341221043639174
"[402, ]",2,0.341140291259509,0.147047374799842
"[403, ]",2,0.370871802442261,-0.10996097502649
"[404, ]",2,-0.301050422650546,-0.204626068198574
"[405, ]",2,0.282738489717953,0.324271678773968
"[406, ]",2,0.413879408901078,0.157862009266722
"[407, ]",2,-0.190338079079983,0.395904322099657
"[408, ]",2,-0.184120626786861,-0.343599117139182
"[409, ]",2,-0.272120617982142,-0.264597925285412
"[410, ]",2,-0.412787719955912,-0.00879741786578911
"[411, ]",2,-0.0969993488958817,-0.420133102233808
"[412, ]",2,-0.35690334570785,-0.135667693286154
"[413, ]",2,-0.320813761408302,-0.309667106990672
"[414, ]",2,-0.0188782276559827,-0.406455194339019
"[415, ]",2,0.477881706647054,-0.107600984394932
"[416, ]",2,-0.0885949560702821,-0.36765275835667
"[417, ]",2,-0.164190128005366,0.385791601917755
"[418, ]",2,-0.335574108089452,-0.163191614009377
"[419, ]",2,-0.355659004322089,0.245606443266692
"[420, ]",2,0.362225650904241,0.0738273586191962
"[421, ]",2,-0.00231794062452595,-0.353772283767899
"[422, ]",2,-0.28152415798623,0.218996996939588
"[423, ]",2,-0.428326282471257,-0.0635930986448711
"[424, ]",2,0.402895047516922,0.154070140820046
"[425, ]",2,-0.233944635737966,0.280047082245934
"[426, ]",2,-0.352456061051289,-0.00475550375402433
"[427, ]",2,0.130798017184635,0.399563422448934
"[428, ]",2,-0.419048455065845,0.0474174292243102
"[429, ]",2,-0.0479841957844155,-0.414164290653758
"[430, ]",2,-0.314213174275785,0.285367387699115
"[431, ]",2,0.258507513613376,-0.257420864284557
"[432, ]",2,-0.0899757478821796,-0.353310287122746
"[433, ]",2,-0.287719098379338,-0.405335087220321
"[434, ]",2,-0.198199263452812,-0.367720960040385
"[435, ]",2,-0.346221733550537,-0.102273128683113
"[436, ]",2,-0.192110304194818,0.293770348862733
"[437, ]",2,-0.229969639590679,0.25639509548659
"[438, ]",2,-0.343831939959436,0.197772935729049
"[439, ]",2,-0.113062079667309,-0.345438122317442
"[440, ]",2,-0.402600093437967,-0.00856668967166593
"[441, ]",2,0.314044950428299,0.125109922067404
"[442, ]",2,-0.391554708192763,-0.0370768349569019
"[443, ]",2,-0.409199784023947,0.129649107131376
"[444, ]",2,-0.0976500572689749,-0.390538772684852
"[445, ]",2,-0.255232984329779,-0.304973790786021
"[446, ]",2,-0.281958253915419,0.275829017168896
"[447, ]",2,-0.38736242228563,0.119207741010693
"[448, ]",2,-0.434409058262372,-0.115774265219094
"[449, ]",2,-0.303936128889915,0.236581369718712
"[450, ]",2,-0.166854157570404,0.372448608439484
"[451, ]",2,-0.397846232347608,0.146165680805008
"[452, ]",2,-0.134184328248615,0.364194262510155
"[453, ]",2,-0.312715066736546,0.31554007932298
"[454, ]",2,-0.315278013512754,-0.153159012289459
"[455, ]",2,-0.118689316582414,0.425087610251815
"[456, ]",2,0.241369044320367,-0.333316537828413
"[457, ]",2,0.304693390716169,-0.258588369334887
"[458, ]",2,-0.229957904778934,-0.313379829984891
"[459, ]",2,0.356857635820709,-0.0866950624507208
"[460, ]",2,-0.200267570958498,0.345362583459907
"[461, ]",2,0.374030322978935,0.0393001463869211
"[462, ]",2,0.401783514034063,-0.06301336919415
"[463, ]",2,-0.079867850859775,0.423718898775417
"[464, ]",2,-0.315211782839563,0.219636867625455
"[465, ]",2,-0.00613392729089683,-0.363221714037044
"[466, ]",2,0.369958863499086,-0.195439503468914
"[467, ]",2,-0.19265100887225,-0.367499297345712
"[468, ]",2,0.290820372572602,-0.286338869375813
"[469, ]",2,0.254785619899967,-0.272949757379746
"[470, ]",2,0.360197342086471,-0.246681223973341
"[471, ]",2,0.000357674269586134,0.334454295642077
"[472, ]",2,-0.21700891541324,0.350356284500514
"[473, ]",2,-0.328871870090904,0.257130916889141
"[474, ]",2,0.311621130317843,-0.2599061597601
"[475, ]",2,0.339190530175589,0.0265999575225745
"[476, ]",2,-0.0792033133027703,0.387195296647939
"[477, ]",2,-0.366189413846451,-0.0439390750905179
"[478, ]",2,-0.177540828647837,0.295896200788877
"[479, ]",2,0.131069875113707,0.450928556029301
"[480, ]",2,-0.126432375283255,-0.450574624994379
"[481, ]",2,-0.112236807122799,-0.432220551475612
"[482, ]",2,-0.0956179926274144,0.36003478045769
"[483, ]",2,-0.266864192836785,-0.371160818490075
"[484, ]",2,-0.11525231001828,0.42895897771192
"[485, ]",2,0.45740696287198,0.147277817228071
"[486, ]",2,0.122440694843507,0.445648783215986
"[487, ]",2,0.00580983330060524,-0.416476533538724
"[488, ]",2,-0.139920832991956,-0.357327494867966
"[489, ]",2,-0.0679173169077572,0.429498179141401
"[490, ]",2,-0.207615618777663,0.368045111720939
"[491, ]",2,-0.0594697769281804,0.421606294576266
"[492, ]",2,0.112931461897813,-0.387438915238114
"[493, ]",2,0.271575282218569,0.271621957777146
"[494, ]",2,0.224568300661833,-0.335134392308546
"[495, ]",2,-0.177961015564826,-0.37255345193209
"[496, ]",2,0.430923392956667,-0.0743612813441184
"[497, ]",2,-0.177210682074251,0.4194090661755
"[498, ]",2,0.343821370626683,0.171732357348812
"[499, ]",2,0.379372075377686,0.249864114534271
"[500, ]",2,0.340400114528453,0.27328951826291
"[501, ]",2,0.0402227295473704,0.410716494287244
"[502, ]",2,-0.16162521854297,-0.358270809603736
"[503, ]",2,-0.0224622319754219,0.477210524532888
"[504, ]",2,-0.367321189978799,-0.0671557600252662
"[505, ]",2,-0.185873636636971,0.343391870369485
"[506, ]",2,0.262314943696046,-0.325755821266982
"[507, ]",2,-0.183753518064829,-0.318209111764384
"[508, ]",2,0.130305883635245,0.290862617045595
"[509, ]",2,0.279623559023937,0.278834869307359
"[510, ]",2,-0.393357452272883,-0.126517215717916
"[511, ]",2,-0.0649551889688598,-0.402838352579174
"[512, ]",2,-0.289102157036494,-0.314310039219807
"[513, ]",2,-0.373062352899252,-0.0842227219709338
"[514, ]",2,0.237514734802865,0.32344532709369
"[515, ]",2,-0.00526143203963773,-0.399127976186549
"[516, ]",2,0.263024508031587,-0.309155049288087
"[517, ]",2,-0.0922148014083873,-0.477954844252182
"[518, ]",2,0.0591146197816963,0.36203093257042
"[519, ]",2,0.323745864944702,0.219107693309166
"[520, ]",2,-0.00376309412842133,0.397073027025932
"[521, ]",2,-0.0732634349848752,0.37228947410563
"[522, ]",2,-0.409919557767433,-0.0591224467966523
"[523, ]",2,0.35359172162195,0.177015670175688
"[524, ]",2,0.40889995088453,0.0286713314334518
"[525, ]",2,0.348097244192849,-0.106036981841431
"[526, ]",2,0.0602854779667578,-0.359928260035057
"[527, ]",2,-0.343385296480955,-0.160671254788748
"[528, ]",2,-0.368102207108489,0.0453753867149645
"[529, ]",2,-0.452719933035612,-0.0182127906334308
"[530, ]",2,0.268430214981007,0.315342289140462
"[531, ]",2,0.384804243823781,0.101470526359102
"[532, ]",2,0.171742809047828,0.390982166327618
"[533, ]",2,-0.41071779713287,-0.0396386487954532
"[534, ]",2,0.110081132468955,0.345168068117172
"[535, ]",2,-0.355759913331306,0.103565148505727
"[536, ]",2,-0.0986132693763311,-0.330376176873437
"[537, ]",2,-0.350035686921616,-0.273418381572283
"[538, ]",2,-0.304806611494537,0.10778864838008
"[539, ]",2,0.425155518097195,-0.169031638055293
"[540, ]",2,-0.405469740798453,0.243165758223714
"[541, ]",2,-0.157696956851906,0.322506850335008
"[542, ]",2,0.223117404867695,0.275766869870928
"[543, ]",2,0.283607664408002,-0.313369898752989
"[544, ]",2,-0.440890159950042,-0.0782701107135069
"[545, ]",2,0.253324110455337,-0.359347458956739
"[546, ]",2,0.119611029002295,-0.360659120259576
"[547, ]",2,0.280393138500899,-0.263502836843231
"[548, ]",2,0.28137785847709,0.177793917306678
"[549, ]",2,0.147280434337532,0.322096013312905
"[550, ]",2,0.187250724768888,0.364564923905975
"[551, ]",2,-0.134636315761858,-0.378222907536977
"[552, ]",2,0.0428683361166123,-0.395656347969483
"[553, ]",2,0.294312919884708,-0.163184740193527
"[554, ]",2,-0.282713553508608,-0.233965046323419
"[555, ]",2,0.233903352636112,0.381393917740088
"[556, ]",2,0.390741490334048,0.178040877339167
"[557, ]",2,-0.150450904905887,-0.364897283727297
"[558, ]",2,-0.146515823520847,-0.397007583992498
"[559, ]",2,-0.255761176332135,0.403199962911548
"[560, ]",2,-0.217770979554698,0.335424086596806
"[561, ]",2,-0.242064922176622,-0.274843094260504
"[562, ]",2,-0.17287872107198,-0.37341367230093
"[563, ]",2,-0.293771130822379,-0.218182433041631
"[564, ]",2,-0.343843149417083,0.232358134239927
"[565, ]",2,0.234026652097335,0.311980563034499
"[566, ]",2,0.1599949542841,0.359370493056258
"[567, ]",2,0.24734475434786,-0.117575935637136
"[568, ]",2,-0.0751692169612686,0.369963926746381
"[569, ]",2,-0.102260097818808,0.374665079150226
"[570, ]",2,0.301491283711097,-0.184575143894405
"[571, ]",2,0.370367677830176,-0.0760822402651048
"[572, ]",2,0.0119881989706441,-0.35450038968884
"[573, ]",2,-0.204589365514134,0.278413012141629
"[574, ]",2,-0.369795753589551,-0.129186918583326
"[575, ]",2,0.295362096408657,-0.282931712590261
"[576, ]",2,-0.216585396169014,-0.286483920993476
"[577, ]",2,-0.389499603875731,0.228499816791898
"[578, ]",2,0.292893577606165,-0.243104339555858
"[579, ]",2,0.143503585097486,-0.323966548952345
"[580, ]",2,-0.0400687306098485,-0.436774798081662
"[581, ]",2,-0.299884421139484,-0.196486757095162
"[582, ]",2,-0.0460371011472069,0.419817866361229
"[583, ]",2,0.405768971520905,0.193591521548034
"[584, ]",2,0.393127112732414,-0.161915441362716
"[585, ]",2,0.355956929758156,0.23689132841895
"[586, ]",2,0.406328636435668,-0.102937760635766
"[587, ]",2,0.208756837251513,-0.360986692685352
"[588, ]",2,-0.155103586165054,0.436004821482313
"[589, ]",2,0.418274555107225,-0.164735526244057
"[590, ]",2,-0.197638295549192,-0.356147995735688
"[591, ]",2,-0.373688312032967,0.139121932357421
"[592, ]",2,-0.422244388796709,0.0603213023126692
"[593, ]",2,-0.288663414401649,0.234187014722265
"[594, ]",2,0.241943208669873,0.349435729882237
"[595, ]",2,0.327419138269771,0.0576757954387438
"[596, ]",2,0.273177463165518,-0.284783435983931
"[597, ]",2,0.381978780646125,-0.203792097053764
"[598, ]",2,-0.285170796497836,0.20578599833468
"[599, ]",2,0.105675694584821,-0.447782254063988
"[600, ]",2,-0.381380354451164,-0.172780941368939
"[601, ]",2,0.287769887848171,0.13680948951578
"[602, ]",2,0.312490129376408,0.2017023545821
"[603, ]",2,-0.0179469929993058,-0.319106573402695
"[604, ]",2,0.291844352723571,0.291221605457545
"[605, ]",2,0.427825615762487,0.0695979185731741
"[606, ]",2,0.312864930014925,-0.0267818926779736
"[607, ]",2,0.380432768549441,0.210779649699105
"[608, ]",2,0.231409709763806,0.319852408642654
"[609, ]",2,-0.015570155505324,-0.391980277289965
"[610, ]",2,-0.278340361295872,0.296043127547852
"[611, ]",2,0.271889483221962,-0.301582113172836
"[612, ]",2,-0.317166069014849,0.0449856834668542
"[613, ]",2,0.332724564157394,0.124501608632808
"[614, ]",2,-0.416141369169252,0.0575583380711147
"[615, ]",2,-0.103495804929046,-0.391563451518007
"[616, ]",2,0.258716990099471,-0.298256074835293
"[617, ]",2,-0.0570320958678266,0.433767711586417
"[618, ]",2,-0.478359788141314,0.103753668624419
"[619, ]",2,-0.148144242930849,-0.314316576783946
"[620, ]",2,0.229704990650293,-0.27048432151776
"[621, ]",2,0.259753782954921,0.241482841857373
"[622, ]",2,0.320767050148346,0.178224741477986
"[623, ]",2,0.367371123117775,-0.124127086833301
"[624, ]",2,0.370333396460445,0.00864270277871052
"[625, ]",2,0.157400153168257,0.305421229229156
"[626, ]",2,-0.158182861741131,0.2981795734809
"[627, ]",2,0.436047615434197,-0.118383780080854
"[628, ]",2,0.37752952687911,-0.16818162371729
"[629, ]",2,-0.235789517929935,0.301374797112199
"[630, ]",2,0.101483881498435,-0.355486795737474
"[631, ]",2,-0.0448425783967916,0.413711372827964
"[632, ]",2,-0.159311082675325,0.425799728905955
"[633, ]",2,-0.243449986903385,-0.325105822525701
"[634, ]",2,0.0752316722438876,0.395433492507537
"[635, ]",2,0.0488727049818226,-0.452892965846317
"[636, ]",2,-0.273182772592792,-0.342526478840106
"[637, ]",2,-0.348416994359459,0.0430414493819257
"[638, ]",2,-0.394703045001875,0.104933580411402
"[639, ]",2,0.239354446470356,-0.332870279280106
"[640, ]",2,0.197027790073479,0.374763136389262
"[641, ]",2,0.0865276875971532,0.38843847113419
"[642, ]",2,0.160538106011006,-0.290273581593425
"[643, ]",2,-0.420086057793929,0.0419582488871461
"[644, ]",2,0.345454369672033,-0.249953524391338
"[645, ]",2,0.47622926882554,-0.048147485253292
"[646, ]",2,0.148926496063271,-0.425820157903204
"[647, ]",2,0.432077351593733,0.0178683277673143
"[648, ]",2,0.387120485981741,0.105261927598166
"[649, ]",2,0.0719834498726049,-0.398447249220006
"[650, ]",2,0.366116065374947,0.0767570886991562
"[651, ]",2,0.214825339791373,-0.297415512220181
"[652, ]",2,0.361471590397588,-0.224552852570688
"[653, ]",2,0.366856277981956,-0.177004067013283
"[654, ]",2,0.323852100271136,0.235592844064716
"[655, ]",2,-0.320091020921531,-0.151201044297315
"[656, ]",2,-0.340150603485701,0.189270331200551
"[657, ]",2,0.323117897074388,0.2212857622382
"[658, ]",2,-0.406699471340516,-0.101277884439447
"[659, ]",2,0.375008971725445,-0.189889833982766
"[660, ]",2,0.215845788322095,0.356155111086574
"[661, ]",2,0.299870423912433,-0.334381151542896
"[662, ]",2,-0.227486497389397,0.342087750380277
"[663, ]",2,0.092570804632101,-0.298984749108348
"[664, ]",2,-0.370999046184766,-0.240586284668335
"[665, ]",2,0.112673662341556,-0.419609863045686
"[666, ]",2,-0.323854373195106,-0.286419583932243
"[667, ]",2,-0.0986788836826475,-0.403348450257786
"[668, ]",2,-0.271453573610232,-0.301434672698794
"[669, ]",2,0.0877458925057434,0.405648485048512
"[670, ]",2,0.202776660780136,-0.341324455204355
"[671, ]",2,-0.169471727264567,0.33957497651129
"[672, ]",2,0.366057741711172,0.0592740709503737
"[673, ]",2,0.173439251981102,-0.294861638210677
"[674, ]",2,0.302560719305921,-0.25023165618601
"[675, ]",2,0.438150552318681,-0.11672214247701
"[676, ]",2,-0.37380719924416,0.161721069693131
"[677, ]",2,0.370777090588026,-0.155208899708916
"[678, ]",2,0.269224448415434,0.235351210605756
"[679, ]",2,-0.0307042173265701,-0.368969604020554
"[680, ]",2,0.0176535280697096,-0.343555331383911
"[681, ]",2,-0.396062643064354,0.00153817797651742
"[682, ]",2,0.129033312358509,-0.428169692375511
"[683, ]",2,-0.227509752599794,0.296150014470484
"[684, ]",2,0.269830363024378,-0.257976737215193
"[685, ]",2,-0.213222834506057,-0.378034323896522
"[686, ]",2,0.205568545210527,-0.367244784889194
"[687, ]",2,-0.295298157199961,0.226895870143025
"[688, ]",2,-0.0684489540937793,-0.39937475759448
"[689, ]",2,-0.441936085853324,0.073461564084983
"[690, ]",2,0.049002504157755,-0.389227607168761
"[691, ]",2,0.412096181462985,0.0321708964050241
"[692, ]",2,0.16658037175824,0.384062179765626
"[693, ]",2,-0.383477504066116,0.0895833616856671
"[694, ]",2,-0.135568934935131,0.364885520726558
"[695, ]",2,0.395459800548541,0.0226986249593983
"[696, ]",2,0.459240593603007,-0.142923945092889
"[697, ]",2,-0.13805823911577,0.410378138718226
"[698, ]",2,-0.317545848411232,-0.232244708865399
"[699, ]",2,0.155349149090514,0.43799459740577
"[700, ]",2,0.128847455966164,0.42294538613036
"[701, ]",2,-0.310202277321682,0.318630335757392
"[702, ]",2,-0.244967844152611,0.277915020186478
"[703, ]",2,-0.257333977967027,-0.331789687543675
"[704, ]",2,0.225809680311959,-0.331551354769356
"[705, ]",2,-0.0176963035009239,-0.411547433621122
"[706, ]",2,-0.273632832814989,-0.272884264508241
"[707, ]",2,-0.309065265290571,0.236407773838882
"[708, ]",2,0.323574587602864,-0.250643889851561
"[709, ]",2,-0.168612146434282,0.313280516299118
"[710, ]",2,0.211636041339101,-0.356773585883764
"[711, ]",2,0.24563742135561,0.291550114097759
"[712, ]",2,0.0789143209792152,0.358311488024848
"[713, ]",2,-0.274887896421419,-0.243373101570731
"[714, ]",2,-0.115323209235735,0.415377271447636
"[715, ]",2,-0.315914505939544,-0.232301291125284
"[716, ]",2,0.30311157658419,-0.336960086672347
"[717, ]",2,0.0138215385401898,-0.282018947322352
"[718, ]",2,0.413044008646495,0.0309258112004484
"[719, ]",2,-0.35955043322725,0.0249192764090605
"[720, ]",2,-0.10401875983276,0.296498128476769
"[721, ]",2,-0.0886012771570088,-0.407881000545427
"[722, ]",2,9.103942005361801E-05,-0.369008287404935
"[723, ]",2,-0.176125598922699,0.362547942858119
"[724, ]",2,-0.435727386869988,0.109007968158893
"[725, ]",2,0.0574710037463378,0.411955344799965
"[726, ]",2,-0.291382986508308,-0.279312278515244
"[727, ]",2,0.375625803322998,0.0629670838530253
"[728, ]",2,-0.4575328404458,-0.133195577427606
"[729, ]",2,0.434213483372812,0.0836531918481283
"[730, ]",2,-0.332368181779602,-0.343761453357794
"[731, ]",2,0.111030800732294,0.377188697628193
"[732, ]",2,0.275181536802165,0.337577212767014
"[733, ]",2,-0.0838592203185986,0.364598041431337
"[734, ]",2,0.34136309739326,-0.162825764035889
"[735, ]",2,-0.0844545842931308,-0.350607700732284
"[736, ]",2,-0.336594778922869,-0.152566264643853
"[737, ]",2,-0.0933969060827458,0.39009586106027
"[738, ]",2,0.327100804057358,-0.0723179717488691
"[739, ]",2,-0.358235265638876,0.176712045241808
"[740, ]",2,-0.309512042578219,0.147866188555359
"[741, ]",2,-0.0880124472579259,0.374054074007087
"[742, ]",2,0.351191760224435,-0.262410508645828
"[743, ]",2,0.148454039834346,0.406955058332135
"[744, ]",2,0.314686921782279,-0.206969742516987
"[745, ]",2,0.0141474245324258,-0.423151407296866
"[746, ]",2,0.441210497553094,0.0167331768497374
"[747, ]",2,-0.101791213051231,0.327119498852337
"[748, ]",2,-0.337064841468475,-0.0213296391739137
"[749, ]",2,-0.428293367826768,0.0661732125159136
"[750, ]",2,-0.174822260767228,0.290690320387364
"[751, ]",2,-0.41468284880643,-0.0973745649750346
"[752, ]",2,0.354034512083786,0.103241419688078
"[753, ]",2,-0.202059734468272,0.351828525470984
"[754, ]",2,-0.370205435723865,0.119960134791703
"[755, ]",2,-0.329789939265918,-0.132987933827494
"[756, ]",2,0.396110953691514,0.306426382625092
"[757, ]",2,0.387908974253625,-0.301948370899911
"[758, ]",2,-0.234161386598502,-0.296665001790942
"[759, ]",2,-0.264799762506867,-0.245658965616148
"[760, ]",2,0.404794552227883,-0.190668703500452
"[761, ]",2,0.386619428152422,0.190366408996818
"[762, ]",2,0.335433891151801,-0.0746986194480308
"[763, ]",2,0.0351252644542462,-0.435179881829621
"[764, ]",2,-0.0509844323736022,0.372783093009938
"[765, ]",2,-0.416019763981467,-0.168587061644134
"[766, ]",2,0.240066076253268,0.25571518374659
"[767, ]",2,-0.410924715772855,0.00432506469932731
"[768, ]",2,0.300466600543561,-0.322624608807552
"[769, ]",2,0.00817804798990143,0.459566792776878
"[770, ]",2,0.369317070923301,0.164365363627354
"[771, ]",2,-0.0906218571164182,0.394708686999552
"[772, ]",2,-0.337984426546042,-0.207193304965641
"[773, ]",2,0.352253957294807,-0.28522917672173
"[774, ]",2,-0.0579528591192102,0.368767783086728
"[775, ]",2,-0.360474062924219,0.133883436083352
"[776, ]",2,0.271594647688422,-0.255832083324334
"[777, ]",2,-0.0402863565643893,-0.374282723697212
"[778, ]",2,-0.353347647043121,-0.155691485928305
"[779, ]",2,0.328785348571677,-0.183101260384315
"[780, ]",2,-0.421211930483382,-0.0992568760751477
"[781, ]",2,-0.329311196850446,0.279717630848933
"[782, ]",2,-0.451796313043532,-0.0830720534515069
"[783, ]",2,-0.136667083870621,-0.41086186951491
"[784, ]",2,0.427467245434816,0.0913732428940372
"[785, ]",2,0.298610799691826,-0.0617563937861528
"[786, ]",2,0.424795924618478,-0.0526511213067643
"[787, ]",2,0.327748200704715,0.25605635563391
"[788, ]",2,0.0124341428406144,-0.451078537872434
"[789, ]",2,-0.344664050741319,-0.169971693149968
"[790, ]",2,0.346477602290545,-0.32114721945282
"[791, ]",2,0.377890757572938,0.146150389930623
"[792, ]",2,-0.435609584503417,-0.00200784259217395
"[793, ]",2,-0.273688080520028,-0.305640317928945
"[794, ]",2,0.314257082432576,0.177211378817297
"[795, ]",2,0.474965506423272,0.0380374150864186
"[796, ]",2,0.389911987152299,0.0319808399065888
"[797, ]",2,0.116841482918406,0.429867315728451
"[798, ]",2,0.195516978748847,-0.265991810078962
"[799, ]",2,-0.0124899941244584,-0.376854646402704
"[800, ]",2,-0.254829443092951,-0.362102864092854
"[1004, ]",2,0.415410749847069,-0.0250393657629278
"[1012, ]",2,-0.228176051750779,0.48374462838522
"[1014, ]",2,-0.338760505663231,-0.200241555890323
"[1024, ]",2,0.608103373087943,-0.215902722305347
"[1033, ]",2,0.538833933882415,-0.14419084746902
"[801, ]",3,-0.89766894991044,-2.03053301396581
"[802, ]",3,-0.554751242394559,-2.02628668378563
"[803, ]",3,-1.33369052724447,-2.00514686444263
"[804, ]",3,-1.05135210708249,-2.1972663359734
"[805, ]",3,-0.793370652361773,-1.99887717496149
"[806, ]",3,-1.22144784161355,-1.97646551427062
"[807, ]",3,-0.129213072359562,-2.09503698535211
"[808, ]",3,-0.938804506673478,-2.17571479751953
"[809, ]",3,-1.01453293359373,-2.03599606509152
"[810, ]",3,-1.37691296869889,-2.31215895584245
"[811, ]",3,-0.711010936181992,-1.83274528877569
"[812, ]",3,-1.43097363773268,-1.9309450183551
"[813, ]",3,-0.324788741650991,-2.09766703200711
"[814, ]",3,-0.298445982858539,-1.99848658243951
"[815, ]",3,-1.41573572647758,-2.01654541752504
"[816, ]",3,-0.460209677112289,-2.16602133685269
"[817, ]",3,-1.37183593434747,-2.08784343802655
"[818, ]",3,-0.516426685382612,-1.90341841613976
"[819, ]",3,-1.23475745937321,-2.1155821306734
"[820, ]",3,-0.9138983997982,-2.07513957116156
"[821, ]",3,-0.572651487775147,-2.07450843558547
"[822, ]",3,-0.959844984579831,-1.87729475145259
"[823, ]",3,-0.701898219413124,-2.01908579938214
"[824, ]",3,-0.896386314067058,-1.94456892540253
"[825, ]",3,-0.159367761807516,-1.92285668728963
"[826, ]",3,-0.655191157478839,-2.03800667997908
"[827, ]",3,-1.33722330455203,-2.1128551388356
"[828, ]",3,-0.412126833340153,-1.982989822296
"[829, ]",3,-1.00454150489531,-2.03585423320511
"[830, ]",3,-0.424425952602178,-1.85570615093134
"[831, ]",3,-1.47330836160108,-2.05199468632433
"[832, ]",3,-0.0494322100421414,-2.03106420943993
"[833, ]",3,-0.0791248006280512,-1.93172625353984
"[834, ]",3,-0.62429830734618,-2.06635784203654
"[835, ]",3,-0.2086643736111,-2.00179505486369
"[836, ]",3,-1.39466606418137,-1.95034089834684
"[837, ]",3,-1.1087609580718,-2.04042747005057
"[838, ]",3,-1.42234407237265,-2.12116488102141
"[839, ]",3,-0.899694409919903,-1.96872562832638
"[840, ]",3,-0.826084223343059,-2.02798618641897
"[841, ]",3,-0.8304398576729,-2.20198551345447
"[842, ]",3,-0.530681169591844,-1.97304211368222
"[843, ]",3,-0.0544477491639555,-1.98682007491308
"[844, ]",3,-0.236892929999158,-2.16787712703815
"[845, ]",3,-0.727028526482172,-2.05258795033041
"[846, ]",3,-1.47906418377534,-2.01751246234451
"[847, ]",3,-0.509705899050459,-2.05566307633916
"[848, ]",3,-1.41970826208126,-1.94481515908915
"[849, ]",3,-0.363145918934606,-2.15760515132803
"[850, ]",3,-1.01610491483007,-2.09542927723911
"[851, ]",3,-0.367744247079827,-2.04498634245985
"[852, ]",3,-0.463380295084789,-1.85560936048484
"[853, ]",3,-1.42896755947731,-2.01552540888138
"[854, ]",3,-0.00363498972728848,-2.10217189079899
"[855, ]",3,-0.344453010940924,-1.84615302528169
"[856, ]",3,-1.19528652378358,-2.02311759741265
"[857, ]",3,-1.23343403229956,-1.94480761378483
"[858, ]",3,-1.38299658580218,-1.887820596313
"[859, ]",3,-0.768959689303301,-1.95904546076475
"[860, ]",3,-1.1037320215255,-1.86997384739591
"[861, ]",3,-1.45958934654482,-2.07909212715352
"[862, ]",3,-0.421161309233867,-1.84013805462515
"[863, ]",3,-0.622733064461499,-2.18229002735044
"[864, ]",3,-0.860899782855995,-2.09753631139768
"[865, ]",3,-1.26384139875881,-2.05864606588518
"[866, ]",3,-0.028267333866097,-1.97668904481976
"[867, ]",3,-1.47799865948036,-2.04734486248253
"[868, ]",3,-0.29652385530062,-1.94168890193114
"[869, ]",3,-1.42918793577701,-1.95799705527081
"[870, ]",3,-0.859818343422376,-1.93211390914295
"[871, ]",3,-1.38345183210913,-1.85175389748305
"[872, ]",3,-0.94767586060334,-2.14252840377619
"[873, ]",3,-0.436466090963222,-1.90300250193499
"[874, ]",3,-0.518912398139946,-2.02654657678619
"[875, ]",3,-0.567173675866798,-2.08031055506852
"[876, ]",3,-0.666339662508108,-2.1777034101916
"[877, ]",3,-0.369972960907035,-2.08490368916257
"[878, ]",3,-0.20819846901577,-2.0299478219146
"[879, ]",3,-1.05390900664497,-2.19402444791899
"[880, ]",3,-0.905065578874201,-2.03600327876338
"[881, ]",3,-0.641813314519823,-1.94898938128302
"[882, ]",3,-1.35311452543829,-2.12979704185296
"[883, ]",3,-0.510476574883796,-2.00048474023479
"[884, ]",3,-1.12092359689996,-2.1344852234889
"[885, ]",3,-0.800839167670347,-2.00516841852312
"[886, ]",3,-0.73955592548009,-1.91051502066409
"[887, ]",3,-1.29868426825851,-2.21798822727942
"[888, ]",3,-0.703325128764845,-1.76935835677328
"[889, ]",3,-0.19413111009635,-2.11677503555509
"[890, ]",3,-1.11133289546706,-1.90595702813268
"[891, ]",3,-0.0714844730682671,-1.79208984039381
"[892, ]",3,-0.00205242424272001,-2.09438240232733
"[893, ]",3,-0.0326073977630585,-2.06754541451264
"[894, ]",3,-0.0857529131462798,-1.89783496720026
"[895, ]",3,-0.27907444210723,-2.0817503430667
"[896, ]",3,-0.727902117767371,-2.0957120734011
"[897, ]",3,-0.861374890431762,-1.84188807201733
"[898, ]",3,-0.046043538255617,-1.82335571985126
"[899, ]",3,-0.826208667363971,-2.02270351588855
"[900, ]",3,-1.00505124160554,-1.77188898050247
"[1021, ]",3,-0.881545547861606,-2.05839723861269
"[1043, ]",3,-0.604993734508753,-1.87360262921687
"[1045, ]",3,0.0547578306868672,-2.19694419125831
"[1050, ]",3,-0.132562888786197,-1.76221404339028
"[901, ]",4,-0.0427073284517974,-3.05322180924378
"[902, ]",4,-1.02571676624939,-3.04985004773576
"[903, ]",4,-0.791031848173589,-3.11501395775759
"[904, ]",4,-0.280869551002979,-2.98737590772719
"[905, ]",4,-1.188205752871,-2.95271361008289
"[906, ]",4,-1.23324108647648,-3.01865252152064
"[907, ]",4,-1.12441134208348,-3.16192864499583
"[908, ]",4,-1.28889632492792,-3.04027590462194
"[909, ]",4,-0.120679603423923,-2.95871877581948
"[910, ]",4,-1.40626633807551,-3.07207194040605
"[911, ]",4,-0.441889176378027,-3.05900652304191
"[912, ]",4,-1.31802725465968,-3.11696266178617
"[913, ]",4,-0.390521389315836,-2.94085433539282
"[914, ]",4,-0.349159695091657,-3.06686389490017
"[916, ]",4,-0.0897229184629396,-2.89869605826419
"[917, ]",4,-0.641169395414181,-3.01659873196514
"[918, ]",4,-0.441701812553219,-2.99975835277324
"[919, ]",4,-1.03111094527412,-3.07173019831744
"[920, ]",4,-1.4391455235891,-2.9718661971692
"[921, ]",4,-0.192207109183073,-2.99927181028864
"[922, ]",4,-1.06143752345815,-3.17297002264083
"[923, ]",4,-0.941710686078295,-3.18434736164092
"[924, ]",4,-1.17247960413806,-2.93987969685897
"[926, ]",4,-0.517129034735262,-3.03803120737196
"[927, ]",4,-0.418017187505029,-2.83448350998084
"[928, ]",4,-0.522076177527197,-3.16628550490155
"[929, ]",4,-0.242242114269175,-2.97052703342184
"[930, ]",4,-0.0553360108751804,-2.84300985608066
"[931, ]",4,-0.105033662170172,-2.9488053103238
"[932, ]",4,-0.802232558839023,-2.87140975989361
"[933, ]",4,-0.778087216895074,-3.09675147535597
"[934, ]",4,-0.280299837584607,-2.93676106454933
"[935, ]",4,-1.44214550137985,-2.98169213323537
"[936, ]",4,-0.744640077813528,-2.86498838830763
"[937, ]",4,-1.09342177666258,-2.75126723285557
"[938, ]",4,-0.136810720316134,-2.98853383029185
"[939, ]",4,-0.414756927173585,-2.8904259635996
"[940, ]",4,-0.307082306477241,-3.0402709871193
"[941, ]",4,-0.17161988967564,-3.03590697143545
"[942, ]",4,-0.318831944838166,-3.05527882299165
"[943, ]",4,-0.626271325279959,-3.13546749802757
"[944, ]",4,-1.48917989793699,-2.99266611379377
"[945, ]",4,-0.301043332787231,-3.00389885299921
"[946, ]",4,-0.813860263908282,-2.92781301160186
"[947, ]",4,-0.259244786342606,-3.02149189578062
"[948, ]",4,-0.705315943574533,-3.09155849337735
"[949, ]",4,-0.227929527056403,-3.01284385408022
"[950, ]",4,-0.35894922085572,-2.81597895121786
"[951, ]",4,-0.341042462387122,-2.95494687440094
"[952, ]",4,-1.12438748788554,-2.97252063223393
"[953, ]",4,-0.863856735639274,-2.89436235820029
"[954, ]",4,-0.581126571865752,-2.82079457209457
"[955, ]",4,-0.229132057749666,-2.82891807839014
"[956, ]",4,-0.192996025434695,-3.04314289339375
"[957, ]",4,-1.03942095127422,-3.00792768643851
"[958, ]",4,-0.343551305355504,-3.03632250445006
"[959, ]",4,-0.545571024413221,-3.02009904730369
"[960, ]",4,-0.784669508342631,-2.95487180701637
"[961, ]",4,-1.04213236947544,-3.04799419848022
"[962, ]",4,-0.334276970475912,-3.11655251801267
"[963, ]",4,-0.474581364076585,-3.02389439712906
"[964, ]",4,-0.946418461971916,-2.8550165348091
"[965, ]",4,-0.462286050897092,-2.81471261277469
"[966, ]",4,-0.939443729119375,-3.04032315044628
"[967, ]",4,-0.813063608016819,-2.91730316840438
"[968, ]",4,-0.79266181611456,-3.01291349024126
"[969, ]",4,-0.73366011295002,-3.01215268867984
"[970, ]",4,-1.27636904432438,-3.06742732848005
"[971, ]",4,-0.498371125780977,-3.15784337987944
"[972, ]",4,-0.0955917926039547,-2.81979236035529
"[973, ]",4,-1.30647903587669,-2.91988831861355
"[974, ]",4,-0.467964058625512,-3.17922647275082
"[975, ]",4,-0.230552100925706,-3.03474187262754
"[976, ]",4,-1.32387292000931,-2.84456840706703
"[977, ]",4,-0.590788964065723,-2.98935072068141
"[978, ]",4,-0.640544525580481,-2.98074910793295
"[979, ]",4,-0.437486430862918,-2.91507720328591
"[980, ]",4,-0.133276614127681,-2.90094853882467
"[981, ]",4,-0.850900959572755,-2.93724177883552
"[982, ]",4,-0.880348904407583,-2.9584784514444
"[983, ]",4,-1.45475927833468,-2.85250609351653
"[984, ]",4,-0.979036884382367,-2.82905279260885
"[985, ]",4,-0.340706159826368,-2.97716403980507
"[986, ]",4,-0.771215648157522,-3.02081168820606
"[987, ]",4,-0.90391009405721,-2.99878542447277
"[988, ]",4,-1.28074481617659,-2.9650277336745
"[989, ]",4,-0.40230264980346,-3.06776446424099
"[990, ]",4,-0.846672394545749,-2.93578173208026
"[991, ]",4,-0.030424635973759,-3.12894380352694
"[992, ]",4,-0.0421281260205433,-2.77739327450255
"[993, ]",4,-1.31412401539274,-3.24834193589759
"[994, ]",4,-0.879599802894518,-2.98271657212942
"[995, ]",4,-0.132055756403133,-3.00589041476545
"[996, ]",4,-0.89542388857808,-2.9452547702695
"[997, ]",4,-0.965077734435908,-3.04104736021043
"[998, ]",4,-0.256550988648087,-2.75975948396864
"[999, ]",4,-0.784874002682045,-3.01442209394424
"[1000, ]",4,-1.05919434316456,-2.99766035571654
"[1018, ]",4,-0.403285969281569,-3.08345853183329
"[1051, ]",5,1.11241219413602,-2.72704356990194
"[1052, ]",5,1.06977744904728,-2.59734526690483
"[1053, ]",5,1.01809074786943,-2.43788097409544
"[1054, ]",5,0.983039716959421,-2.43374383277021
"[1055, ]",5,0.976547195264732,-2.56509902487202
"[1056, ]",5,0.864506930716295,-2.52087370685543
"[1057, ]",5,1.06299560785205,-2.32030883528583
"[1058, ]",5,1.04472701525165,-2.60987784148944
"[1059, ]",5,0.895595814154325,-2.32222579082468
"[1060, ]",5,0.981271442537623,-2.46830555918554
"[1061, ]",5,1.12872908702921,-2.39504235783684
"[1062, ]",5,1.12740928132619,-2.55262807850067
"[1063, ]",5,0.877883864180764,-2.61202125363024
"[1064, ]",5,1.08020219065496,-2.46017405059333
"[1065, ]",5,1.01268307007026,-2.45786931969963
"[1066, ]",5,1.03885148571835,-2.54251536490506
"[1067, ]",5,0.912780382678861,-2.58769910059811
"[1068, ]",5,0.979291300999102,-2.37000033956905
"[1069, ]",5,0.794158731102795,-2.6336786756495
"[1070, ]",5,0.92608766828855,-2.35707575702674
"[1071, ]",5,0.969337787562458,-2.55946931200865
"[1072, ]",5,1.13034176335332,-2.68826864578202
"[1073, ]",5,0.894134014494489,-2.2819688768276
"[1074, ]",5,1.03017201858352,-2.46212227213564
"[1075, ]",5,1.00899731868328,-2.6069312828705
"[1076, ]",5,0.863660774942888,-2.53751449816219
"[1077, ]",5,1.02825238713036,-2.57947977184624
"[1078, ]",5,1.15806994504338,-2.46848771312887
"[1079, ]",5,1.09400402463219,-2.48660606143163
"[1080, ]",5,1.11314302320108,-2.62405515755788
"[1081, ]",5,0.978630409930615,-2.4743519463079
"[1082, ]",5,1.095783890475,-2.56740702067457
"[1083, ]",5,0.762919037046433,-2.43667726462149
"[1084, ]",5,0.874674139064516,-2.43976351267561
"[1085, ]",5,0.982515204836704,-2.50340336865263
"[1086, ]",5,1.01085115929011,-2.5789706360549
"[1087, ]",5,1.05169204543127,-2.54704355542142
"[1088, ]",5,1.07216343859448,-2.60128181376277
"[1089, ]",5,0.95400561672237,-2.41664467299266
"[1090, ]",5,0.951838845348883,-2.36459764377683
"[1091, ]",5,0.965072467774652,-2.49499272880135
"[1092, ]",5,0.943823402815629,-2.46631192443555
"[1093, ]",5,0.987529730160194,-2.52089988733194
"[1094, ]",5,1.08775523278606,-2.47815400121032
"[1095, ]",5,1.0463346913606,-2.31265247920763
"[1096, ]",5,0.956063466367055,-2.47382781950283
"[1097, ]",5,0.93075827075032,-2.36653054806436
"[1098, ]",5,0.989554720640944,-2.47522533538549
"[1099, ]",5,0.979200008743287,-2.63757848611836
"[1100, ]",5,1.12193084122282,-2.61905397817573
