id,X5.Contour.1,X5.Contour.2,X5.Contour.3,X5.Contour.4,X5.Contour.5,X5.Contour.6,X1.Contour.1,X1.Contour.2,X1.Contour.3,X1.Contour.4,X1.Contour.5,X1.Contour.6,X2.Contour.1,X2.Contour.2,X2.Contour.3,X2.Contour.4,X2.Contour.5,X2.Contour.6,X3.Contour.1,X3.Contour.2,X3.Contour.3,X3.Contour.4,X3.Contour.5,X3.Contour.6,X4.Contour.1,X4.Contour.2,X4.Contour.3,X4.Contour.4,X4.Contour.5,X4.Contour.6
MZ_100.0885,0,82465.6015625,0,0,0,0,0,0,0,0,0,0,0,0,8705.0517578125,0,295759.2109375,0,0,0,0,0,304201.09375,0,0,0,0,0,0,0
MZ_100.1137,0,0,0,0,0,0,0,0,0,0,0,0,0,0,11300.515625,0,0,0,0,0,0,0,0,0,0,0,0,0,0,0
MZ_101.5112,0,0,0,0,0,0,0,0,0,0,0,0,0,0,0,0,0,0,0,0,0,0,0,12658.9716796875,0,0,0,0,0,0
MZ_101.6747,0,0,0,0,0,0,0,0,0,0,0,0,0,47010.18359375,0,0,0,0,0,0,0,0,0,0,0,0,0,0,0,0
MZ_102.1293,0,0,0,0,0,0,0,0,0,0,0,0,0,0,10722.90625,0,0,0,0,0,0,0,0,0,9793631.375,27876954.5,0,23097954.625,0,9951150.5
MZ_102.5437,0,0,0,0,0,0,0,0,0,0,0,0,0,0,0,0,0,0,0,0,0,0,0,8135.05615234375,0,0,0,0,0,0
MZ_103.9316,1466681.59375,235420.859375,0,72877.4453125,152739.171875,0,34888.50390625,25001.423828125,202313.026855469,508459.78125,184849.4296875,953174.55078125,2228164.85546875,313333.9609375,35551.73828125,479079.8125,239069.169921875,1271332.30859375,37586.80078125,0,512152.69140625,1125238.71484375,182703.68359375,24372.7021484375,0,0,0,0,0,0
MZ_104.1086,21938471.203125,25059905.3125,21796093.203125,26205778.25,24822633.3789063,33940315.9375,18824693.15625,8911910.6484375,10485011.0019531,17082095.0273438,15944274.3066406,13404777.4609375,21518962.5859375,16333902.9296875,22679526.9648438,16177616.0859375,15268624.6298828,27443042.2539063,17694007.5898438,19696377.890625,20598007.796875,28041773.3085938,20474525.7441406,9215953.89794922,0,0,0,0,0,0
MZ_105.9297,0,0,0,0,0,0,0,0,0,0,0,0,129908.163085938,0,0,0,0,17797.650390625,0,0,0,59155.0390625,0,0,0,0,0,0,0,0
MZ_105.9945,0,0,23683.189453125,0,0,0,0,0,0,0,0,0,0,0,0,0,0,0,0,0,0,0,0,0,0,0,0,0,0,0
MZ_106.4751,0,0,0,0,0,0,0,0,0,0,0,0,0,39986.9296875,0,0,0,0,0,0,0,0,0,0,0,0,0,0,0,0
MZ_107.0506,0,0,0,0,0,0,0,0,0,0,0,0,18035.099609375,260585.171875,0,0,0,0,0,0,0,0,0,0,36015264.25,65739975.5625,84529801,57722215.09375,68940933.75,61001884.75
MZ_107.7125,0,0,0,0,0,0,0,0,0,0,0,0,0,0,0,0,0,0,0,0,0,0,0,9864.546875,0,0,0,0,0,0
MZ_109.0776,0,0,0,0,0,0,0,0,0,0,0,0,0,0,8313.0986328125,0,0,0,0,0,0,0,0,0,0,0,0,0,0,0
MZ_109.4202,0,0,0,0,0,0,0,0,0,0,0,0,0,0,20364.9140625,0,0,0,0,0,0,0,0,0,0,0,0,0,0,0
MZ_109.9182,1417875.25,279290.03125,0,71963.2109375,175028.3828125,238211.1875,151876.85546875,147003.75390625,195510.276367188,653765,291660.73828125,831932.09375,5429833.109375,636881.126953125,30913.22265625,135100.6015625,317197.15234375,9875550.140625,71082.279296875,48521.75390625,440688.3828125,5219478.8125,99113.7109375,96472.884765625,0,0,0,0,0,0
MZ_110.0378,0,0,0,0,0,0,0,0,0,0,0,0,0,0,0,0,0,0,0,0,0,0,0,0,92114024.75,96030646.125,105189787.75,106508834.75,119196968.625,115532403
MZ_110.0981,0,0,0,0,0,0,0,0,0,0,0,0,0,0,12727.2099609375,0,0,0,0,0,0,0,0,0,0,0,0,0,0,0
MZ_111.0933,0,0,0,0,0,0,0,0,0,0,0,0,0,0,13533.0078125,0,0,0,0,0,0,0,0,0,0,0,0,0,0,0
MZ_111.9164,0,0,0,0,0,0,0,0,0,0,0,0,279912.7265625,0,0,0,0,24989.5078125,0,0,0,50461.62109375,0,0,0,0,0,0,0,0
MZ_112.0885,15506925.046875,12125901.25,18759129.0078125,11529617.6640625,10336036.140625,20339769.875,14010370.609375,7976055.62011719,5531442.84765625,6617026.55859375,9343037.20507813,7767476.19140625,16447893.0605469,3233473.01171875,13223691.515625,12464447.8505859,12303428.6171875,6731698.546875,9264421.74609375,4994497.4453125,9581452.07421875,6291066.59765625,18675787.6875,5930206.84863281,0,0,0,0,0,0
MZ_112.1137,0,0,43514.23828125,28990,0,115595.53125,0,0,6937.3251953125,0,0,0,0,158322.328125,20511.05078125,65567.4375,99391.53125,0,0,0,0,0,310314.1875,21182.9033203125,0,0,0,0,0,0
MZ_112.1716,0,0,0,0,0,0,0,0,0,0,0,0,0,0,0,0,0,0,0,0,0,0,0,12302.2900390625,0,0,0,0,0,0
MZ_112.8973,102914.765625,0,0,0,46083.015625,0,0,51350.703125,5471.30078125,209923.21875,39117.833984375,57576.84765625,855772.26171875,213458.337890625,18303.50390625,11109.701171875,54622.37890625,106595.93359375,0,0,52635.37109375,238147.5859375,0,14824.3796386719,0,0,0,0,0,0
MZ_112.9051,0,0,0,0,47911.51953125,106695.6953125,0,0,53820.5703125,165414.453125,0,0,0,0,0,0,38299.40234375,0,0,0,0,336539.46875,0,0,0,0,0,0,0,0
MZ_113.1087,0,0,0,0,0,0,0,0,0,0,0,0,0,0,10401.5712890625,0,0,0,0,0,0,0,0,0,0,0,0,0,0,0
MZ_114.0330,0,0,0,0,0,0,0,0,77588.234375,0,0,0,0,0,0,0,0,0,0,0,0,0,0,0,0,0,0,0,0,0
MZ_114.0929,0,0,0,0,0,0,0,0,0,0,0,0,0,0,10273.1552734375,0,0,0,0,0,0,0,0,0,0,0,0,0,0,0
MZ_114.1042,206130.828125,87670.703125,0,167331.962890625,267785.6796875,108060.2578125,0,47184.75390625,12875.3125,0,216244.530273438,167404.52734375,71083.013671875,0,21295.0302734375,0,461930.9921875,354782.76171875,0,39032.2890625,0,0,623197.46875,29022.611328125,0,0,0,0,0,0
MZ_114.1294,0,0,44885.84765625,0,0,70857.8515625,0,0,0,0,0,0,18286.181640625,0,25153.8662109375,0,15610.2197265625,0,0,0,0,0,0,9325.8076171875,0,0,0,0,0,0
MZ_114.2922,0,0,0,0,0,0,0,0,24800.392578125,0,0,0,0,0,0,0,0,0,0,0,0,0,0,0,0,0,0,0,0,0
MZ_114.8947,0,0,0,0,0,0,0,13531.34765625,0,13555.78515625,20589.0361328125,0,349053.90625,0,0,0,0,19118.060546875,0,0,0,55276.54296875,0,0,0,0,0,0,0,0
MZ_114.9009,0,0,0,0,0,0,0,0,0,0,0,0,0,0,0,0,0,0,0,0,0,0,0,4675.6123046875,0,0,0,0,0,0
MZ_114.9048,80904270.4375,9130362.5,112680163.90625,18987438.2890625,71684614.890625,33697989.5,24004104.6640625,1039210.6015625,15428079.3222656,57781684.859375,23448191.0703125,12483015.3046875,0,48666097.046875,9713472.84375,44861493.0703125,36597040.71875,80710865.3496094,33125142.578125,8695479.12304688,46264495.5625,132859394.894531,16762855.6875,12860739.0341797,0,695309.625,0,0,0,0
MZ_114.9055,3925438.6875,4704809,39361710.75,8065647.5,9169975.875,31001687.5,6371976.28125,346392.65625,1255261.125,45938894.75,20991911.53125,4852756.375,0,26875630.25,3008175.28125,8604304.23828125,8161032.6875,64003403.4101563,1025518.6640625,454665.578125,22490438.375,27781720.3125,0,1924194.6875,0,0,0,0,0,0
MZ_115.3556,0,0,0,0,0,0,0,0,0,0,0,0,0,40310.5078125,0,0,0,0,0,0,0,0,0,0,0,0,0,0,0,0
MZ_116.0722,18749185.125,23582101.8007813,15346244.9453125,27265505.46875,22631889.796875,45406155.4296875,13335428.1679688,6125847.2109375,9368897.38183594,7604625.9140625,11255591.6816406,5034751.6015625,6950597.546875,25710221.515625,23327928.953125,14774717.3710938,11127517.7871094,10988285.328125,18692518.4609375,12158103.15625,7774548.1328125,12739492.65625,21161094.8515625,16292126.0449219,0,0,0,0,0,0
MZ_116.1199,0,0,0,0,0,0,0,0,4840.78662109375,0,11104.576171875,0,0,0,12723.642578125,0,264581.0859375,0,0,0,0,0,171121.71875,13264.2897949219,0,0,0,0,0,0
MZ_117.4627,0,0,18840.09375,0,0,0,0,0,0,0,0,0,0,0,0,0,0,0,0,0,0,0,0,0,0,0,0,0,0,0
MZ_118.0667,0,0,0,0,0,0,0,0,0,0,0,0,0,0,0,0,0,0,0,0,0,0,0,0,2430540.125,2932496.6875,0,8281915.875,0,3964768.5
MZ_118.0879,1074827.3125,1111446.3046875,638926.125,673928.3125,2986140.5078125,1403481.4375,834049.53125,0,147455.859375,123780.6015625,492926.643066406,133730.359375,294565.978515625,3319631.625,905510.869140625,1256302.109375,1588276.484375,4094254.08203125,730435,626643.59375,0,681584,2108699.046875,0,0,0,0,0,0,0
MZ_118.9426,0,0,0,0,0,0,0,0,0,0,0,0,0,0,0,0,0,17345.314453125,0,0,0,0,0,0,0,0,0,0,0,0
MZ_119.0507,0,0,0,0,0,0,0,0,0,0,0,0,0,0,0,0,0,0,0,0,0,0,0,0,1665885.375,0,0,3290350.75,0,2233017
MZ_119.9265,3672121.25,1009347.1875,160824.4921875,637189.15625,1429692.40625,423705.2265625,1287493.375,2470375.8203125,878356.037109375,3348304.390625,2353793.21484375,2982775.65625,5133670.2578125,6224352.90625,353280.58203125,1980817.1796875,3124045.875,5123078.859375,847666.73046875,1377507.80859375,2966981.875,1770607.3046875,1795206.71875,528195.103515625,0,0,0,0,0,0
MZ_120.0827,0,0,0,0,0,0,0,0,0,0,0,0,0,0,24186.25390625,0,0,0,0,0,0,0,0,0,0,0,0,0,0,0
MZ_121.8334,0,0,0,0,0,0,0,0,24274.080078125,0,0,0,0,0,0,0,0,0,0,0,0,0,0,0,0,0,0,0,0,0
MZ_121.9245,88891.3984375,0,0,0,26317.94140625,0,22591.85546875,23486.2421875,0,143645.171875,21560.8408203125,140959.61328125,332901.712890625,309329.443359375,18100.93359375,0,62466.515625,0,0,0,91210.2109375,98897.328125,0,11398.017578125,0,0,0,0,0,0
MZ_122.0616,0,0,0,0,0,0,0,0,0,0,0,0,0,0,0,0,0,0,0,0,0,0,0,0,2511215.25,7805009.5,1640791.125,5477133.9375,1053691.375,2776681.25
MZ_122.6808,0,0,0,0,0,0,0,0,0,0,0,0,0,37977.8828125,0,0,0,0,0,0,0,0,0,0,0,0,0,0,0,0
MZ_122.9261,322310.203125,0,0,0,23606.806640625,0,0,24655.078125,0,227739.79296875,26252.8291015625,213621.94921875,851888.04296875,207487.80859375,28811.373046875,0,82046.1328125,908542.1640625,38012.46484375,0,84898.2734375,164766.15625,27911.841796875,7718.16650390625,0,0,0,0,0,0
MZ_123.0456,0,0,0,0,0,0,0,0,0,0,0,0,0,0,0,0,0,0,0,0,0,0,0,0,0,0,0,1178630.75,0,2465011.5
MZ_123.0932,0,0,0,0,0,0,0,0,0,0,0,0,0,0,8311.70703125,0,0,0,0,0,0,0,0,0,0,0,0,0,0,0
MZ_124.1136,0,0,0,0,0,0,0,0,0,0,0,0,0,0,8735.3798828125,0,0,0,0,0,0,0,0,0,0,0,0,0,0,0
MZ_125.1090,0,0,0,0,0,0,0,0,5279.3623046875,0,0,0,0,0,13561.6005859375,0,0,0,0,0,0,0,0,0,0,0,0,0,0,0
MZ_126.1294,0,0,0,0,0,0,0,0,0,0,0,0,0,0,10758.5986328125,0,0,0,0,0,0,0,0,0,0,0,0,0,0,0
MZ_127.0993,493560.25,868972.328125,329016.6640625,2123470.51953125,887558.892578125,1474311.0234375,708468.376953125,216511.34375,17005.001953125,230344.936523438,752210.458984375,1026078.65625,213774.71484375,176054.5,163950.296875,803071.53125,3150111.296875,678186.068359375,57070.078125,594598.89453125,445709.8828125,223556.5859375,3101345.1796875,754619.943847656,0,0,0,0,0,0
MZ_127.1246,0,0,0,0,0,0,0,0,0,0,0,0,0,0,10344.9736328125,0,0,0,0,0,0,0,0,0,0,0,0,0,0,0
MZ_127.9917,0,0,0,0,0,0,0,0,0,0,0,0,0,0,0,0,0,0,0,0,0,0,0,11995.84375,0,0,0,0,0,0
MZ_129.1149,2735745.9375,1218991.2265625,325194.234375,1476433.375,981375.6640625,3035281.1953125,1578230.12695313,1083655.921875,1185597.04296875,1382818.22753906,1094518.89355469,2058470.859375,88832.810546875,241473.76953125,525489.91796875,1347820.2890625,1970735.70703125,1466468.90234375,654597.91796875,1543022.05078125,1574493.390625,310647.3359375,3415009.66796875,402586.955078125,0,0,0,0,0,0
MZ_129.1158,0,0,0,0,0,128394.9140625,0,65118.0703125,0,0,15638.9052734375,367896.125,0,0,386517.822265625,23481.37890625,0,113166.9296875,130866.8359375,0,0,0,0,64050.76953125,0,0,0,0,0,0
MZ_129.1673,0,0,0,0,0,0,0,0,0,0,0,0,0,0,24591.740234375,0,0,0,0,0,0,0,0,0,0,0,0,0,0,0
MZ_129.8186,0,0,0,0,0,0,0,0,24377.47265625,0,0,0,0,0,0,0,0,0,0,0,0,0,0,0,0,0,0,0,0,0
MZ_130.0990,3031086.1875,2735807.640625,1887139.59765625,3230759.42578125,3372597.05859375,4079271.109375,3174891.72265625,302933.3984375,420526.72265625,958072.669921875,3306996.2421875,1565146.90234375,95572.599609375,1049258.34375,2944777.1796875,2916914.671875,4809267.80859375,1711270.453125,908347.7734375,1225905.66992188,1440016.3203125,42172.62109375,6018545.953125,978199.458984375,0,0,0,0,0,0
MZ_131.1306,8553543.96875,4378859.8359375,10077194.2578125,2748952.34765625,3279911.51367188,8334101.21875,5227197.6484375,1895245.765625,2991356.54101563,2288920.64453125,4372726.21484375,3593812.625,7374938.42578125,1597310.84960938,4322805.36328125,4518223.1640625,5191197.6796875,2705284.18359375,3444062.68359375,2502450.1015625,3375334.62890625,2175608.00390625,7478630.87890625,2997606.08007813,0,0,0,0,0,0
MZ_132.9155,571675.015625,0,0,0,115860.6484375,0,0,0,0,0,0,0,0,0,0,338155.9375,54214.19140625,581419.5,0,0,0,0,0,0,0,0,0,0,0,0
MZ_136.0633,204543.984375,2577657.765625,753538.60546875,2875528.75,1587268.296875,3960987.65625,0,219752.15625,6798.61279296875,0,184853.19140625,181384.1875,451904.612304688,458383.65625,851073.793945313,724843.0625,3326988.90039063,128934.6796875,0,163215.59375,338841.515625,0,5770770.234375,20033.2885742188,0,0,0,0,0,0
MZ_136.9418,132860.84375,0,0,0,0,0,0,14912.0341796875,0,113832.009765625,0,93648.828125,429145.154296875,119286.55078125,18048.333984375,0,0,29595.87109375,0,0,0,56049.42578125,0,0,0,0,0,0,0,0
MZ_138.1293,0,0,0,0,0,0,0,0,0,0,0,0,0,0,9783.607421875,0,0,0,0,0,0,0,0,0,0,0,0,0,0,0
MZ_138.9211,0,0,0,0,0,0,0,0,0,0,0,0,132492.875,0,0,0,0,0,0,0,0,0,0,0,0,0,0,0,0,0
MZ_139.1247,0,0,0,0,0,0,0,0,0,0,0,0,0,0,12764.830078125,0,0,0,0,0,0,0,0,0,0,0,0,0,0,0
MZ_140.1086,0,0,0,0,0,0,0,0,0,0,0,0,0,0,9358.8359375,0,0,0,0,0,0,0,0,0,0,0,0,0,0,0
MZ_140.1450,0,0,0,0,0,0,0,0,0,0,0,0,141562.375,0,14972.2822265625,0,0,0,0,0,0,0,0,12110.9755859375,0,0,0,0,0,0
MZ_140.8922,149162.1875,0,0,0,21341.59375,0,0,0,0,0,0,0,55311.67578125,0,18202.4140625,0,49860.09765625,0,0,0,74229.0546875,0,32772.66796875,0,0,0,0,0,0,0
MZ_141.1040,0,0,0,0,0,0,0,0,0,0,0,0,0,0,9107.216796875,0,0,0,0,0,0,0,0,0,0,0,0,0,0,0
MZ_141.1151,108473.875,74077.8125,143226.046875,0,325000.5078125,0,29108.291015625,170822.4140625,9251.37890625,0,220667.166992188,177066.0859375,48695.193359375,0,31465.90625,0,375226.177734375,336967.6953125,0,40386.921875,47142.87109375,27977.767578125,644029.439453125,44472.5166015625,0,0,0,0,0,0
MZ_141.1404,0,0,37289.27734375,0,0,0,0,0,6643.4609375,0,9481.3896484375,0,0,0,22988.26953125,0,0,0,0,0,0,0,0,23148.427734375,0,0,0,0,0,0
MZ_142.0881,0,0,0,0,0,0,0,0,0,0,0,0,123088.9375,0,0,0,0,0,0,0,0,0,0,0,0,0,0,0,0,0
MZ_142.0992,0,0,0,0,0,0,0,0,0,0,0,0,0,0,0,0,0,0,0,0,0,0,125110.1484375,0,0,0,0,0,0,0
MZ_143.1308,141838.046875,76407.828125,39235.62890625,245666.171875,289740.296875,128493.9765625,25523.587890625,43678.82421875,10768.1279296875,74697.6640625,20627.6943359375,0,17834.47265625,0,17829.173828125,0,583273.826171875,362507.369140625,0,0,46919.25,0,534513.484375,20394.42578125,0,0,0,0,0,0
MZ_143.1560,0,0,40737.4140625,25733.306640625,28642.779296875,0,0,0,8884.0146484375,0,19491.8642578125,0,17011.677734375,0,43833.087890625,0,13775.0673828125,0,0,0,0,0,31773.861328125,24938.9365234375,0,0,0,0,0,0
MZ_144.1400,0,0,0,0,0,0,0,0,6767.43701171875,0,7049.5185546875,0,0,0,10345.97265625,0,13684.685546875,0,0,0,0,0,0,9049.3203125,0,0,0,0,0,0
MZ_146.0617,0,1441035.3828125,0,2787106.125,0,2332979.75,0,0,0,0,0,0,0,3290401.26953125,835319.75,0,1316674.96875,0,0,0,0,0,3091162.8125,8447.9169921875,959250306,948634982.5,1061228216.125,1006179672.125,1050016729.5,1204917900
MZ_146.5779,0,0,0,0,0,0,0,0,0,0,0,0,0,0,19242.7265625,0,0,0,0,0,0,0,0,0,0,0,0,0,0,0
MZ_147.0648,0,0,0,0,0,0,0,0,0,0,0,0,0,0,0,0,0,0,0,0,0,0,0,0,62416776.9375,52139366.75,44416431,51693233.125,26157032.75,88797849.9375
MZ_147.0697,0,0,0,0,0,0,0,0,0,0,0,0,0,0,0,0,0,0,0,0,0,0,0,11385.7451171875,0,0,0,0,0,0
MZ_147.0779,0,502452.96875,0,594549.5625,0,0,0,0,0,0,0,0,0,335345.84375,0,0,0,0,0,0,0,0,0,0,0,0,0,0,0,0
MZ_148.0773,0,186167.21875,37403.546875,1534347.78515625,0,224026.390625,49978.41796875,158373.59375,7439.3662109375,0,18170.2109375,0,0,1255879.75,793537.08984375,1538589.9375,745282.616210938,0,0,0,0,0,790644.46875,32314.7080078125,240207562.5,275483726.25,305104274,254935601,306175027,300881212.5
MZ_148.9553,0,0,0,0,0,0,0,0,0,0,0,0,0,0,22847.62109375,0,0,0,0,0,0,0,0,0,0,0,0,0,0,0
MZ_148.9745,0,0,0,0,0,0,0,0,0,0,0,0,0,42296.91796875,0,0,0,0,0,0,0,0,0,0,0,0,0,0,0,0
MZ_149.8069,0,0,22609.279296875,0,0,0,0,0,0,0,0,0,0,0,0,0,0,0,0,0,0,0,0,0,0,0,0,0,0,0
MZ_149.9459,0,0,0,0,0,0,0,0,0,0,0,0,0,0,0,0,0,0,0,0,0,0,0,13835.501953125,0,0,0,0,0,0
MZ_150.8979,0,0,0,0,0,0,0,0,0,0,0,0,29271.1953125,0,0,0,0,0,0,0,0,0,0,0,0,0,0,0,0,0
MZ_151.9528,809999.34375,0,122680.0234375,0,25385.810546875,0,26738.07421875,293435.54296875,229093.8125,417643.083984375,388882.443359375,571904.609375,6142091.30273438,264507.27734375,39821.9326171875,149906.65625,14253.7763671875,8749069.8046875,339472.9765625,891155.10546875,443768.62109375,5211725.8203125,0,31153.1728515625,0,0,0,0,0,0
MZ_153.1152,0,0,0,0,0,0,0,0,0,0,0,0,0,0,0,0,0,0,0,0,0,0,0,7655.771484375,0,0,0,0,0,0
MZ_153.1404,0,0,0,0,0,0,0,0,0,0,0,0,0,0,12448.556640625,0,0,0,0,0,0,0,0,0,0,0,0,0,0,0
MZ_153.9510,0,0,0,0,0,0,0,0,0,0,0,0,40703.69921875,0,0,0,0,0,0,0,0,0,0,0,0,0,0,0,0,0
MZ_154.0196,0,0,0,0,0,0,0,0,0,0,0,0,0,0,0,0,0,0,0,0,0,0,0,8154.30126953125,0,0,0,0,0,0
MZ_154.0282,0,0,0,0,0,0,0,0,0,0,0,0,153553.109375,0,0,0,0,340785.296875,0,0,0,0,0,0,0,0,0,0,0,0
MZ_155.0236,0,0,0,0,0,0,0,22669.89453125,0,42506.244140625,17577.5458984375,0,231788.9296875,0,8663.6435546875,0,0,0,0,0,0,0,0,0,0,0,0,0,0,0
MZ_155.1198,0,0,0,0,0,0,0,0,0,0,0,0,0,0,8213.3505859375,0,0,0,0,0,0,0,0,0,0,0,0,0,0,0
MZ_155.1310,0,0,0,0,0,0,0,0,6084.76171875,0,7600.0400390625,0,0,0,8125.1943359375,0,0,0,0,0,0,0,0,0,0,0,0,0,0,0
MZ_155.9317,2105314.9296875,0,2260796.75,50527.39453125,3882629.6796875,2200404,93355.44140625,0,480554.78125,1216741.46875,67493.9052734375,63776.16796875,0,1559460.453125,0,2840420.61914063,389965.12109375,1957039.96875,0,49999.5703125,2632090.328125,3388606.8359375,174483.13671875,50381.4296875,0,0,0,0,0,0
MZ_156.0438,37974305.859375,28537638.0234375,32563702.2578125,33077348.6015625,39712289.390625,48787650.65625,24128145.3945313,17819170.8193359,18235297.8984375,19515279.4941406,21894522.9824219,18304834.0546875,14336027.8164063,28334758.2421875,27977642.3320313,32631417.4921875,26938516.6582031,21609494.3125,30488482.8535156,23752258.6875,23294227.0625,35864738.296875,34756108.5546875,20455001.6567383,0,0,0,0,0,0
MZ_156.0446,8697755.28125,14920161.5546875,15229594.2578125,1716187.625,11899555.515625,11332625.40625,15572438.4570313,9786265.72558594,4653249.36914063,13129778.125,16220372.4199219,5262508.9453125,5193284.81640625,5333411.5234375,8091664.75390625,21588496.6484375,2632779.15820313,3938899.1796875,13170069.8847656,8215652.125,4065585.265625,895558.6328125,3311679.3984375,2419765.28515625,0,0,0,0,0,0
MZ_156.8871,0,0,0,0,0,0,0,12955.6591796875,0,0,6620.3916015625,0,19511.34375,0,0,0,17199.345703125,0,0,0,0,0,0,6379.92578125,0,0,0,0,0,0
MZ_157.1103,0,85416.1171875,32242.4296875,104060.9296875,0,0,0,46511.1640625,11348.17578125,0,20726.4921875,0,0,0,14681.80078125,0,318874.732421875,0,0,0,0,0,328478.078125,17319.6171875,0,0,0,0,0,0
MZ_157.1355,0,0,0,0,0,0,0,0,0,0,0,0,0,0,8600.685546875,0,0,0,0,0,0,0,0,0,0,0,0,0,0,0
MZ_157.1465,0,75789.71875,0,0,228458.33203125,89043.25,0,44085.68359375,7145.0810546875,0,7332.56982421875,52336.55859375,0,0,14738.333984375,0,92357.421875,20057.59375,0,0,0,0,336844.46875,10500.8740234375,0,0,0,0,0,0
MZ_158.4553,0,0,0,0,0,0,0,0,24672.3359375,0,0,0,0,0,0,0,0,0,0,0,0,0,0,0,0,0,0,0,0,0
MZ_158.9237,0,0,0,0,0,0,0,0,0,0,0,0,0,0,0,0,52165.1015625,0,0,0,47233.2734375,0,0,0,0,0,0,0,0,0
MZ_159.1258,6878780.140625,7196268.734375,4865286.01757813,8690785.1328125,8234572.59765625,10153170.8125,5573455.1953125,5933711.30664063,3301275.2265625,3207807.73632813,5520617.36328125,6456343.265625,6182609.26953125,1475382.80859375,4551306.0234375,3618159.09765625,9839392.49609375,4925914.8359375,2718572.1796875,2833464.44921875,6369532.578125,3018232.46484375,9995127.0546875,2569337.41601563,0,0,0,0,0,0
MZ_159.8983,0,0,0,0,0,0,0,0,0,0,0,0,28994.341796875,0,0,0,0,0,0,0,0,0,0,0,0,0,0,0,0,0
MZ_160.1098,0,0,155974.77734375,26523.439453125,62496.36328125,0,0,40658.86328125,8098.75341796875,0,12529.650390625,0,0,0,21056.6884765625,0,0,18826.34375,0,0,0,0,0,17411.861328125,0,0,0,0,0,0
MZ_160.1294,0,0,0,0,0,0,0,0,5196.7958984375,0,0,0,0,0,0,0,0,0,0,0,0,0,0,0,0,0,0,0,0,0
MZ_160.3253,0,0,0,0,0,0,0,0,0,0,0,0,0,57985.1171875,0,0,0,0,0,0,0,0,0,0,0,0,0,0,0,0
MZ_160.9033,0,0,0,0,0,0,0,0,0,114586.1875,0,37810.09765625,268232.876953125,57488.578125,0,0,0,0,0,0,0,82648.515625,0,0,0,0,0,0,0,0
MZ_161.1902,0,0,22002.923828125,0,0,0,0,0,0,0,0,0,0,0,0,0,0,0,0,0,0,0,0,0,0,0,0,0,0,0
MZ_162.0567,0,0,0,0,0,0,0,0,0,0,0,0,0,0,0,0,0,0,0,0,0,0,0,0,142392301.875,154275517.875,177369098.5625,152101155.53125,178574913,178157111
MZ_162.8287,0,0,0,0,0,0,0,0,22692.3359375,0,0,0,0,0,0,0,0,0,0,0,0,0,0,0,0,0,0,0,0,0
MZ_163.9531,0,0,0,0,0,0,0,0,0,0,0,0,32426.2734375,0,0,0,0,0,0,0,0,0,0,0,0,0,0,0,0,0
MZ_164.0724,0,0,0,0,0,0,0,0,0,0,0,0,0,0,0,0,0,0,0,0,0,0,0,0,119406807.25,148299273.875,154238819.3125,132808727.4375,160933198.875,154189160
MZ_165.9687,0,0,0,0,0,0,0,10815.6376953125,0,0,8595.806640625,0,254198.76953125,45332.3828125,0,0,0,500357.875,0,0,0,61058.2421875,0,0,0,0,0,0,0,0
MZ_166.0868,0,0,0,0,0,0,0,0,0,0,0,0,0,0,21748.267578125,0,0,0,0,0,0,0,0,0,0,0,0,0,0,0
MZ_166.9529,0,0,0,0,0,0,0,0,0,0,0,0,31913.923828125,0,0,0,0,0,0,0,0,0,0,0,0,0,0,0,0,0
MZ_167.0713,0,0,0,0,0,0,0,25209.59765625,0,0,15536.7543945313,0,0,0,0,0,0,0,0,0,0,0,0,0,0,0,0,0,0,0
MZ_167.1566,0,0,0,0,0,0,0,0,0,0,0,0,0,0,13904.1767578125,0,0,0,0,0,0,0,0,0,0,0,0,0,0,0
MZ_168.8435,0,0,0,0,0,0,0,0,25898.4765625,0,0,0,0,0,0,0,0,0,0,0,0,0,0,0,0,0,0,0,0,0
MZ_169.0394,0,0,0,0,86640.603515625,88446.6875,25793.83203125,65610.2734375,10865.60546875,206367.328125,38510.1845703125,35769.8125,390908.26171875,0,25709.8408203125,0,56552.03515625,60013.740234375,0,0,0,0,0,35342.2451171875,0,0,0,0,0,0
MZ_169.1353,0,0,0,0,0,0,0,0,0,0,0,0,0,0,10083.0712890625,0,0,0,0,0,0,0,0,0,0,0,0,0,0,0
MZ_171.1512,0,0,0,0,0,0,0,0,0,0,0,0,0,0,8643.21875,0,0,0,0,0,0,0,0,0,0,0,0,0,0,0
MZ_171.9446,0,0,0,0,0,0,0,0,0,0,0,0,0,0,0,0,0,0,0,0,0,0,0,11205.0126953125,0,0,0,0,0,0
MZ_172.0409,0,0,0,0,0,0,0,0,0,0,0,0,0,0,0,0,0,0,0,0,0,0,0,0,154253881.375,145456980,202534673.75,158538725.875,206875887.375,189555121.5
MZ_172.3972,0,0,24736.955078125,0,0,0,0,0,0,0,0,0,0,0,0,0,0,0,0,0,0,0,0,0,0,0,0,0,0,0
MZ_173.1670,0,0,201504.7890625,86790.888671875,160936.287109375,139103.296875,60957.435546875,29633.33203125,16888.177734375,0,216601.060546875,0,288525.2421875,55512.802734375,86079.6171875,83866.4140625,110545.177734375,57538.13671875,0,30967.263671875,0,107858.6171875,31230.15625,91016.6416015625,0,0,0,0,0,0
MZ_174.8980,5895404.015625,741600.484375,4646639.03515625,1176318.265625,1600911.828125,1345282.390625,1659493.109375,475532.8046875,3080424.2265625,2368203.6015625,2484034.14453125,2337137.28515625,9877530.89453125,5655749.9765625,200281.86328125,2127931.09375,6325715.03125,5342976.90625,777239.259765625,1358155.421875,3348128.5,1459442.125,2316898.609375,1986717.87109375,0,0,0,0,0,0
MZ_174.8989,549978.703125,459774.96875,949764.00390625,286682.15625,761419.5,455597.890625,1091753.203125,475532.8046875,168109.78515625,2241563.1953125,2484034.14453125,1626382.1484375,2935478.109375,2731578.828125,200281.86328125,776771.2734375,1555182.7421875,262814.640625,44860.328125,234062.078125,0,500861.3125,694987.859375,388601.61328125,0,0,0,0,0,0
MZ_175.1210,207897655.375,203904130.625,251284274.005859,215391672.382813,192537762.804688,405027219.5,162215964.40625,81914822.4257813,109667190.070313,106128436.332031,135397336.03125,94543982.953125,155625299.386719,85925811.59375,202929135,180655539.6875,124178841.003906,96101249.875,172413819.765625,145051051.363281,114498118.625,113033598.820313,205243463.984375,142260479.597656,0,0,0,0,59163236.75,0
MZ_175.1219,19554961.375,25773558.5,49651965.1933594,4726533.4375,18014903.75,11018064.25,75963354.03125,21618666.0195313,9867062.0078125,41531853.2539063,86233530.53125,18301044.140625,25678927.90625,4477483.46875,29289050.625,90135883.75,11076568.9375,2087399.625,27398056.390625,7267139.75,4226017.75,747770.0625,15854630.09375,9463597.890625,0,0,0,0,1632776.5,0
MZ_175.9533,0,0,0,0,0,0,0,12045.1806640625,0,0,0,0,0,0,0,0,0,0,0,0,0,0,0,0,0,0,0,0,0,0
MZ_176.1244,2961246.2109375,5738689.3203125,10594152.8476563,5516547.27929688,4084654.15625,20363120.625,5623495.95703125,1434897.5390625,1578297.02148438,1600180.2734375,3224885.64550781,2077679.77734375,6013643.38671875,498900.609375,7015117.6953125,4597644.625,3357289.94921875,1693950.89257813,4010098.34960938,1750596.0625,1630538.5859375,0,4327638.125,550192.66015625,0,0,0,0,0,0
MZ_176.8774,1056444,375022.125,0,77886.3046875,128199.09375,0,55893.16796875,927801.88671875,263717.175292969,1357642.890625,481500.216796875,1012107.109375,1880370.92578125,508487.599609375,36892.75,136043.599609375,177157.723632813,695542.716796875,158699.9609375,104718.546875,366508.7421875,4357304.1640625,124991.849609375,98925.7387695313,0,0,0,0,0,0
MZ_176.8960,82084.953125,0,0,0,23810.328125,0,0,16117.0751953125,0,21352.326171875,19572.7861328125,0,389523.9140625,161135.0078125,0,0,148558.03515625,0,0,0,46835.421875,0,0,6486.39306640625,0,0,0,0,0,0
MZ_177.1044,0,0,0,0,0,0,0,0,6848.55810546875,0,0,0,0,0,13196.771484375,0,20696.19921875,0,0,0,0,0,0,16743.1875,0,0,0,0,0,0
MZ_177.9689,0,0,0,0,0,0,0,17587.32421875,0,0,0,0,162952.185546875,0,0,0,0,0,0,0,0,0,0,0,0,0,0,0,0,0
MZ_178.0399,0,0,0,0,0,0,0,16596.205078125,0,0,0,0,0,0,0,0,0,0,0,0,0,0,0,0,0,0,0,0,0,0
MZ_178.8755,0,0,0,0,0,0,0,0,0,115791.181640625,11324.548828125,108479.8203125,280552.736328125,47552.00390625,0,0,0,0,0,0,0,79978.9375,0,0,0,0,0,0,0,0
MZ_179.0602,0,0,0,0,0,0,0,11994.4013671875,0,0,0,0,0,0,0,0,0,0,0,0,0,0,0,0,0,0,0,0,0,0
MZ_180.0553,0,0,0,0,0,0,0,13330.03125,0,0,0,0,0,0,0,0,0,0,0,0,0,0,0,0,0,0,0,0,0,0
MZ_180.8852,0,0,0,0,0,0,0,0,0,0,0,0,0,0,0,0,0,0,0,0,0,0,0,3769.67016601563,0,0,0,0,0,0
MZ_181.0392,0,0,0,0,0,0,0,15070.34375,0,0,7955.8583984375,0,0,0,0,0,0,0,0,0,0,0,0,0,0,0,0,0,0,0
MZ_183.0553,0,0,0,0,0,0,0,19538.294921875,0,0,8891.322265625,0,0,0,0,0,0,0,0,0,0,0,0,0,0,0,0,0,0,0
MZ_184.0756,0,0,137734.71875,0,0,0,0,0,0,0,0,0,250944.07421875,0,0,0,0,0,0,0,0,0,176264.564453125,0,0,0,0,0,8204161.5,0
MZ_185.0343,0,0,0,0,0,0,0,0,0,0,0,0,0,0,0,0,0,0,0,295571.8125,0,0,0,0,0,0,0,0,0,0
MZ_185.1417,0,0,0,0,24237.0234375,0,0,0,8344.9892578125,0,7080.251953125,0,0,0,9098.0009765625,0,295015.1171875,0,0,0,0,0,174241.421875,15048.7880859375,0,0,0,0,0,0
MZ_187.1211,111433.7421875,56425.1875,47725.984375,94833.28125,29744.314453125,0,0,56011.21875,9229.3291015625,0,7189.1865234375,0,450776.54296875,0,8504.1865234375,0,50113.08984375,444756.03125,0,0,0,0,118344.9375,10294.1162109375,0,0,0,0,0,0
MZ_188.0496,0,0,0,0,0,0,0,0,0,0,0,0,33758.04296875,0,0,0,0,0,0,0,0,0,0,0,0,0,0,0,0,0
MZ_190.0520,1485933.375,3797603.3984375,2762975.375,11288271.71875,2376321.375,18588804.953125,0,0,0,0,0,56873.71875,0,13037906.0195313,1312323.3125,3587048.8046875,5299863.11328125,742778.125,1149638.625,0,2124494.671875,611682.5,12886525.921875,1916782.78125,1606126598,1590212741,2097666422,1624101039,2125805858,1901148830
MZ_190.1249,0,0,0,0,0,0,0,0,0,0,0,0,0,0,8954.4140625,0,0,0,0,0,0,0,0,0,0,0,0,0,0,0
MZ_191.0359,0,0,0,0,0,0,0,0,0,0,0,0,0,0,0,0,0,0,0,0,0,0,0,0,4374928.25,10194889,8769152.9375,4953472.5625,4522847.375,4633674.25
MZ_191.0548,0,0,0,0,0,0,0,0,0,0,0,0,0,260174.25,0,0,0,0,0,0,0,0,0,0,150686300.625,153350416.375,202559007.625,154581700.3125,206110418.5,179558695.125
MZ_191.1201,0,87507.984375,55249.19921875,87270.84765625,0,0,60605.759765625,0,11330.060546875,0,14368.703125,0,0,0,36814.1025390625,51139.34375,76038.6328125,0,0,46815.328125,0,0,0,95309.849609375,0,0,0,0,0,0
MZ_191.9845,0,0,0,0,0,0,0,14116.8828125,0,95559.10546875,24484.1899414063,0,342628.71875,62955.29296875,0,0,0,725858.8046875,0,29362.154296875,0,167244.234375,0,0,0,0,0,0,0,0
MZ_192.0674,0,0,0,0,0,0,0,0,0,0,0,0,0,0,0,0,0,0,0,0,0,0,0,0,90273501.5,105842677.75,106636559.1875,87895788.1875,101631896,127080540.5
MZ_195.0554,0,0,0,0,23099.521484375,0,0,33331.0078125,0,64868.640625,17955.6801757813,0,43794.908203125,0,0,0,0,0,0,0,0,0,0,10452.4653320313,0,0,0,0,0,0
MZ_195.9694,0,0,0,0,0,0,0,0,0,0,0,0,0,38910.87109375,0,0,0,0,0,0,0,0,0,0,0,0,0,0,0,0
MZ_196.0508,0,0,0,0,0,0,0,10917.9853515625,0,0,0,0,0,0,0,0,0,0,0,0,0,0,0,0,0,0,0,0,0,0
MZ_196.8592,178045,0,0,97106.2578125,36703.26953125,0,24846.724609375,21049.75,0,278982.224609375,24651.685546875,0,487853.01953125,357844.734375,43359.6376953125,0,167099.876953125,634470.9765625,0,0,77645.109375,71208.6796875,175012.24609375,32192.623046875,0,0,0,0,0,0
MZ_196.8708,0,0,0,0,0,0,0,0,0,0,0,0,46492.33203125,0,0,0,0,0,0,0,0,0,0,0,0,0,0,0,0,0
MZ_196.8800,0,0,0,0,0,0,0,15319.515625,5755.71826171875,35025.83984375,24216.8125,0,434420.39453125,30909.6953125,0,0,40341.66796875,361161.28125,0,0,0,49351.84375,0,10854.666015625,0,0,0,0,0,0
MZ_197.0715,0,0,0,0,0,0,0,26923.986328125,0,45949.5380859375,8465.9873046875,0,50516.025390625,0,0,0,0,0,0,0,0,0,0,4757.29541015625,0,0,0,0,0,0
MZ_197.0823,0,0,0,0,21667.18359375,0,0,33428.90625,5025.99365234375,74467.2109375,22127.6806640625,0,162236.70703125,0,8372.388671875,0,0,24938.052734375,0,0,0,0,0,15107.4028320313,0,0,0,0,0,0
MZ_198.8575,0,0,0,0,0,0,0,0,0,0,0,0,0,0,8547.2470703125,0,0,0,0,0,0,0,0,0,0,0,0,0,0,0
MZ_198.9581,0,0,0,0,0,0,0,0,0,114962.044921875,8187.130859375,78407.9453125,335746.80078125,0,0,0,0,0,0,0,0,50033.421875,0,0,0,0,0,0,0,0
MZ_199.0775,0,0,0,0,0,0,0,0,0,0,0,0,0,0,0,0,0,0,0,0,0,0,0,0,14295494.5,13158248.625,9450528.875,26848324.125,9341393,37751075.5
MZ_199.1945,0,0,0,0,0,0,0,0,0,0,0,0,0,0,0,0,0,0,0,0,0,0,0,9152.740234375,0,0,0,0,0,0
MZ_200.1165,0,85114.359375,0,0,62933.1171875,0,0,42195.52734375,58274.1357421875,0,8979.96875,0,0,0,10614.8515625,0,30171.5625,0,0,0,0,0,406133.3125,0,0,0,0,0,0,0
MZ_200.8888,0,0,0,0,26350.0234375,0,0,27410.634765625,0,13624.6767578125,10407.2734375,77824.0078125,0,114134.6796875,0,0,0,0,0,0,52402.4140625,0,0,5801.0126953125,0,0,0,0,0,0
MZ_200.9139,0,0,0,0,0,0,0,0,0,0,0,0,204114.91015625,0,0,0,0,0,0,0,0,0,0,0,0,0,0,0,0,0
MZ_201.1375,0,0,0,0,0,0,0,0,5084.52587890625,0,0,0,0,0,0,0,0,0,0,0,0,0,0,0,0,0,0,0,0,0
MZ_201.7283,0,0,0,0,0,0,0,0,0,0,0,0,0,0,0,0,0,0,0,0,0,0,0,13713.712890625,0,0,0,0,0,0
MZ_205.1360,0,0,35948.8046875,26181.294921875,22614.861328125,0,23969.912109375,0,12248.75390625,0,41200.7470703125,0,0,0,18449.0859375,0,25333.3515625,0,0,38414.90625,0,0,0,56166.7705078125,0,0,0,0,0,0
MZ_205.8809,0,0,0,0,0,0,0,0,0,0,7388.314453125,0,0,0,0,0,0,0,0,0,0,0,0,0,0,0,0,0,0,0
MZ_206.0003,0,0,0,0,0,0,0,0,0,86511.37890625,0,0,212701.8203125,0,0,0,0,0,0,0,0,61833.8359375,0,0,0,0,0,0,0,0
MZ_207.0554,0,0,0,0,0,0,0,12078.0458984375,0,0,0,0,0,0,0,0,0,0,0,0,0,0,0,6114.5458984375,0,0,0,0,0,0
MZ_207.0787,1684216.5,6312781.65625,2704754.5,12806340.71875,6303811.4375,16376601.40625,853773.359375,0,1623974.875,411523.6875,0,836647.046875,0,10219933.375,6040633.140625,1868725.21875,7107868.50976563,463236.84375,1669747.1875,1740251.921875,691564.703125,886923.375,12607243.3125,1838557.25,833868203,859078765,914027019.75,764586010,922468318,1037785937
MZ_207.3633,0,0,0,0,0,0,0,0,0,0,0,0,0,44848.01171875,0,0,0,0,0,0,0,0,0,0,0,0,0,0,0,0
MZ_207.9802,0,0,0,0,0,0,0,14064.7451171875,0,0,0,0,0,0,0,0,0,0,0,0,0,0,0,0,0,0,0,0,0,0
MZ_208.0160,0,0,0,0,0,0,0,0,0,0,0,0,36328.76953125,0,0,0,0,0,0,0,0,0,0,0,0,0,0,0,0,0
MZ_208.0627,0,0,0,0,0,0,0,0,0,0,0,0,0,0,0,0,0,0,0,0,0,0,0,0,0,2350103.6875,0,1269255.34375,0,1095550.75
MZ_208.0826,0,0,0,0,0,0,0,0,0,0,0,0,0,0,0,0,0,0,0,0,0,0,0,0,49977800.875,56237661.75,29637661.25,44118513.1875,29026666.25,67583300.375
MZ_208.1481,0,0,0,0,0,0,0,0,0,0,0,0,0,0,0,0,0,0,0,0,0,0,0,10498.068359375,0,0,0,0,0,0
MZ_209.0712,0,0,0,0,0,0,0,34522.30859375,4974.82373046875,80045.080078125,18271.2119140625,0,48786.83984375,0,18627.935546875,0,0,0,0,0,0,0,0,27406.1889648438,0,0,0,0,0,0
MZ_210.0666,0,0,0,0,0,0,0,16338.0712890625,0,0,0,0,0,0,0,0,0,0,0,0,0,0,0,0,0,0,0,0,0,0
MZ_211.0869,0,0,0,0,0,0,0,28031.79296875,0,76191.46484375,27828.8486328125,0,116248.166015625,0,9117.845703125,0,0,0,0,0,0,0,0,10246.0344238281,0,0,0,0,0,0
MZ_212.0342,14319086.515625,18505809.546875,15459847.609375,25920360.7070313,18356861.046875,29117232.6484375,11116380.5332031,5553151.984375,8815180.9921875,5106162.65625,15143965.5566406,6164497.19140625,7492722.40625,10240406.515625,15478106.8828125,14701559.4648438,12570679.3320313,7379428.515625,14699036.265625,12570934.609375,6511510.125,8757495.90625,24045612.5195313,16840231.3125,835044711.75,945289273.25,626661819.125,830837958.75,546173516.625,766121013
MZ_212.0353,2813063.203125,3182961.28125,3524576.203125,805887.28515625,376973.96875,690454.7109375,6335776.14257813,1567303.90625,1066391.3984375,1917430.71875,6819092.96289063,1269155.546875,459192.3125,424846.1875,3007283.6640625,5882376.73828125,2601752.06640625,966679.453125,1779120.078125,2439941.875,325546.796875,285504.0625,1144951.05859375,1969403.84375,30270382,0,59843353.25,0,38659123,0
MZ_212.0458,0,0,0,0,0,0,0,14828.16015625,0,0,0,0,16669.5546875,0,0,0,0,0,0,0,0,0,0,0,0,0,0,0,0,0
MZ_212.0856,83756.515625,70965.921875,48805.66015625,166245.47265625,80586.390625,0,58282.1015625,34329.765625,19394.845703125,166593.580078125,138750.359375,0,619938.71875,650460.0078125,51284.1943359375,11368.7265625,262364.673828125,40230.1875,0,20808.333984375,66553.0703125,290556.921875,159027.3359375,100940.044921875,0,0,0,0,0,0
MZ_212.1535,0,82049.1171875,0,0,0,0,0,0,0,0,0,0,0,0,0,0,0,0,0,0,0,0,0,0,0,0,0,0,0,0
MZ_212.8447,0,0,0,0,37922.54296875,0,60450.703125,49662.39453125,13939.32421875,221139.904296875,77824.4814453125,0,839244.125,115359.740234375,8809.8466796875,16421.736328125,25079.115234375,569962.76171875,20994.560546875,0,0,136740.55078125,0,52125.35546875,0,0,0,0,0,0
MZ_212.8543,1226100.734375,0,0,133344.94921875,205632.8046875,331352.875,323209.57421875,857303.44140625,365337.080078125,1072564.046875,1350452.6953125,803536.0859375,11720750.1171875,915398.546875,61462.697265625,779262.765625,764364.10546875,8409717.90625,518206.90625,223392.4921875,1003885.296875,5328293.4765625,220507.07421875,215538.029296875,0,0,0,0,0,0
MZ_213.0375,0,0,0,0,0,0,0,0,0,0,0,0,0,0,0,0,0,0,0,0,0,0,0,0,64227971.75,74903258.125,28882030,62195714.75,9496894.5,41181290.25
MZ_213.0771,25655917.578125,24377905.625,24600051.8203125,19750432.0351563,19518120.109375,38939079.625,20320610.3359375,9371423.76660156,15005005.9375,12489295.1015625,16548179.6328125,12707788.3320313,19416138.0800781,6764323.390625,22641772.7226563,14110320.15625,11476788.7539063,9238576.47460938,21914220.515625,19543838.7148438,12636673.8828125,13441635.1875,15524454.9921875,18996406.9335938,0,0,0,0,0,0
MZ_214.8425,0,0,0,0,0,0,0,0,0,0,0,0,164657.529296875,0,0,0,0,54885.640625,0,0,0,0,0,0,0,0,0,0,0,0
MZ_214.8524,0,0,0,0,24484.541015625,0,0,21742.1640625,0,37319.88671875,32954.328125,0,521694.203125,16481.7734375,9219.7353515625,0,17760.5859375,402993.1875,0,0,0,53175.6875,0,12323.6279296875,0,0,0,0,0,0
MZ_214.9298,0,0,0,0,0,0,0,0,0,0,0,0,23409.6015625,0,0,0,0,0,0,0,0,0,0,0,0,0,0,0,0,0
MZ_214.9761,0,0,0,0,0,0,0,0,24045.83203125,0,0,0,0,0,0,0,0,0,0,0,0,0,0,0,0,0,0,0,0,0
MZ_216.1475,0,67781.625,0,0,0,0,0,0,0,0,0,0,0,0,0,0,0,0,0,0,0,0,0,0,0,0,0,0,0,0
MZ_216.1487,0,0,0,0,0,0,0,0,4850.84814453125,0,0,0,0,0,8481.162109375,0,0,0,0,0,0,0,0,0,0,0,0,0,0,0
MZ_217.1361,560617.984375,671916.9921875,725053.109375,783632.4921875,400030.7265625,736848.75,1484384.58984375,287506.328125,1028078.86328125,1031499.31054688,895046.234375,528956.86328125,1102145.55078125,1166762.45898438,815282.91015625,1417564.1328125,1754481.53125,704157.875,608113.421875,1414537.08203125,1441275.9296875,174899.806640625,910267.22265625,433566.321289063,0,0,0,0,0,0
MZ_218.1398,0,0,0,0,0,0,0,0,6274.3291015625,0,0,0,0,0,14099.0615234375,0,0,0,0,0,0,0,0,18153.7436523438,0,0,0,0,0,0
MZ_218.7254,0,0,0,0,0,0,0,0,0,0,0,0,0,36101.13671875,0,0,0,0,0,0,0,0,0,0,0,0,0,0,0,0
MZ_219.1520,0,0,0,0,0,0,0,0,4840.86767578125,0,0,0,0,0,9406.8984375,0,0,0,0,0,0,0,0,9536.8037109375,0,0,0,0,0,0
MZ_219.6068,0,0,0,0,0,0,0,0,0,0,0,0,0,0,0,0,0,0,0,0,0,0,0,11794.7900390625,0,0,0,0,0,0
MZ_221.0715,0,0,0,0,0,0,0,15632.30859375,0,0,0,0,0,0,0,0,0,0,0,0,0,0,0,0,0,0,0,0,0,0
MZ_221.0946,0,0,0,0,0,0,0,0,0,0,0,0,0,0,0,0,135761.8125,0,0,0,0,0,0,0,0,0,0,0,0,0
MZ_221.8547,106422.296875,0,0,85000.546875,100359.20703125,0,101680.421875,35828.42578125,14502.6337890625,368208.22265625,52373.07421875,48566.34375,1086693.640625,314499.43359375,36132.70703125,0,238154.35546875,102488.984375,0,26533.291015625,94927.84375,178631.30078125,181465.46875,44534.2421875,0,0,0,0,0,0
MZ_221.9741,32793902.5859375,14707188.28125,10760561.421875,17752360.9160156,11164777.7617188,5448296.71875,10917379.9414063,14599298.625,8875184.9140625,27205913.375,11098592.4023438,14722586.0859375,32954522.3984375,9985935.04296875,10173529.7421875,14514452.4921875,6886112.0078125,28779762.3945313,21961679.6523438,31832500.7421875,17703081.8515625,55407302.4375,10809947.6445313,12596347.1621094,0,0,0,0,0,0
MZ_221.9753,12113646.2421875,1771326.875,2980687.640625,370300.228515625,3836112.5625,1100656.4375,3270626.07421875,3652700.984375,3118565.9453125,14532734.796875,7576534.08984375,7729537.203125,16334089.3515625,2849338.73046875,1632881.9140625,12665434.0546875,2418990.71875,14180654.1757813,8003054.02734375,8039617.8984375,3450138.453125,3098267.234375,1304734.16015625,483804.5,0,0,0,0,0,0
MZ_222.0316,0,102987.1171875,0,1094663.59375,224132.40625,1321967.4375,0,1326212.46875,1096411.75,0,37270.5703125,0,181086.234375,0,0,0,81521.5078125,0,0,0,988233.5,0,697992.28515625,0,0,0,0,0,0,0
MZ_222.0667,0,0,0,0,0,0,0,13918.6279296875,0,0,0,0,0,0,0,0,0,0,0,0,0,0,0,0,0,0,0,0,0,0
MZ_222.9778,0,0,0,0,0,0,0,0,0,127476.70703125,0,153374.48828125,286037.439453125,52749.33984375,0,0,0,0,0,0,0,3043814.90039063,0,0,0,0,0,0,0,0
MZ_223.0870,0,0,0,0,28393.103515625,0,0,57466.9453125,4872.74072265625,136282.005859375,24134.291015625,0,77291.7734375,0,17027.87109375,0,0,0,0,0,35368.921875,0,0,20940.4956054688,0,0,0,0,0,0
MZ_223.0983,0,0,0,0,0,0,0,10573.748046875,0,0,0,0,0,0,0,0,0,0,0,0,0,0,0,0,0,0,0,0,0,0
MZ_223.8527,0,0,0,0,0,0,0,0,0,0,0,0,108559.62890625,0,0,0,0,0,0,0,0,0,0,6357.3115234375,0,0,0,0,0,0
MZ_223.9728,92117.8984375,0,0,0,0,0,0,14731.4833984375,0,387713.908203125,19320.0278320313,225187.765625,457003.78125,93241.203125,18672.28515625,0,0,594734.0703125,0,24460.51953125,0,4599755.80859375,0,9775.421875,0,0,0,0,0,0
MZ_223.9900,246129.234375,314173.8125,0,95247.96875,94891.21875,0,220129.177734375,303543.61328125,225370.248046875,1552543.203125,581727.853515625,960221.484375,3290725.6015625,468529.7890625,53309.2021484375,164761.701171875,180329.92578125,2230230.47265625,275254.3203125,178583.58203125,205598.140625,954470.1328125,56660.5859375,126094.490234375,0,0,0,0,0,0
MZ_224.0458,0,0,0,0,0,0,0,14841.998046875,0,0,0,0,0,0,0,0,0,0,0,0,0,0,0,0,0,0,0,0,0,0
MZ_224.0824,0,0,0,0,0,0,0,17395.599609375,0,0,0,0,0,0,0,0,0,0,0,0,0,0,0,0,0,0,0,0,0,0
MZ_224.9937,0,0,0,0,0,0,0,0,0,0,0,0,67944.017578125,0,0,0,0,0,0,0,0,0,0,0,0,0,0,0,0,0
MZ_225.0452,0,0,0,0,0,0,0,0,0,0,0,0,95698.072265625,46899.32421875,0,0,0,0,0,0,0,0,0,0,0,0,0,0,0,0
MZ_225.1026,0,0,0,0,0,0,0,32882.171875,7131.70068359375,75797.560546875,24678.7421875,0,30051.791015625,0,8319.4384765625,0,0,0,0,0,0,0,0,5609.6962890625,0,0,0,0,0,0
MZ_225.9880,0,0,0,0,0,0,0,0,0,82251.28515625,0,0,178126.963867188,48779.25,0,0,0,0,0,0,0,52028.08984375,0,0,0,0,0,0,0,0
MZ_226.0613,0,0,0,0,0,0,0,30156.8046875,5602.86376953125,27170.962890625,13578.0302734375,0,47382.857421875,0,10581.0576171875,0,0,0,0,0,0,0,0,10087.7890625,0,0,0,0,0,0
MZ_227.1890,0,0,0,0,0,0,0,0,7182.24267578125,0,6854.55810546875,0,0,0,0,0,0,0,0,0,0,0,125240.6171875,0,0,0,0,0,0,0
MZ_227.8415,0,0,0,0,0,0,0,0,0,0,0,0,114186.947265625,0,0,0,0,0,0,0,0,0,0,0,0,0,0,0,0,0
MZ_227.8938,261751.078125,0,0,0,0,0,0,0,0,116995.1640625,0,0,0,0,9106.6669921875,0,0,96838.0078125,0,0,0,0,29896.830078125,0,0,0,0,0,0,0
MZ_227.9907,0,0,0,0,0,0,0,0,0,0,0,0,0,0,0,0,0,0,0,0,0,0,0,10068.935546875,0,0,0,0,0,0
MZ_228.0082,333258929.34375,286719807.5,238680117.419922,328389233.1875,261982780.570313,363487993.0625,168557686.765625,148952585.058594,156652166.558594,162938786.53125,175219936.84375,143993101.703125,177657075.714844,181850624.546875,204192684.875,251897021.332031,143856915.363281,176154752.179688,224958230.316406,255036365.59375,173805251.96875,226258758.53125,288038940.570313,221402021.710938,80287133.25,31214792,43977315.25,68416112.75,446320102.125,10243918.75
MZ_228.0094,94296883.71875,100347196.65625,107323450.482422,10848914.21875,59596461.3203125,41407241.5,112001239.515625,61763757.0273438,21560462.9648438,85466300.53125,128632134.59375,41454787.140625,42258249.7304688,37511803.2890625,48592246.96875,175632225.582031,33973257.3984375,13092730.59375,72168355.3164063,51737919.75,29219218.1875,7351109.5,27805713.8203125,15245063.7460938,21419543.25,0,8038949.5,5110071.625,165761950.625,0
MZ_228.1480,0,65958.3046875,0,0,0,0,0,0,5806.232421875,0,0,0,0,0,0,0,77556.7109375,0,0,0,0,0,0,0,0,0,0,0,0,0
MZ_229.0117,34504261.765625,30137246.3828125,22182377.953125,35471989.390625,26362821.2109375,37834022.28125,17587908.65625,14646165.78125,15200591.9765625,16291807.46875,18134610.4023438,15075400.109375,17217332.0527344,19144835.5,20743877.3515625,25769590.6523438,15296503.8359375,16566239.4863281,24012842.734375,26436779.8378906,18334669.3867188,20836847.0078125,30212079.2734375,23298044.3623047,0,0,0,0,5977650.5,0
MZ_229.1362,0,0,0,0,0,0,0,0,4881.26025390625,0,0,0,0,0,12498.923828125,0,0,0,0,0,0,0,0,10338.8017578125,0,0,0,0,0,0
MZ_230.0059,18595322.1171875,16850560.6640625,12151044.296875,19037250.6015625,15163908.3984375,17788242.5,9412836.84765625,7180895.34375,7075623.89404297,5928977.828125,11129092.7617188,7363557.234375,9132137.296875,9879569.359375,11378628.7265625,13808809.8554688,9110957.1640625,9960902.328125,8850276.8125,13028996.7382813,7656178.6875,9154156.78125,17334615.15625,14030022.4765625,0,0,0,0,0,0
MZ_230.0071,6383719.4453125,5194230.9453125,6698677,5030518.140625,3275488.8359375,2356472.578125,5411624.22265625,2363858.28125,574612.597167969,3918172.5078125,8511243.72070313,1623702.640625,3342937.609375,1825985.375,2875169.5390625,6351900.32421875,4397662.3515625,3085260.4375,3900078.25,3549864.64453125,1423344.265625,265702.15625,1298118.25,1234765.1640625,0,0,0,0,0,0
MZ_230.1639,0,74059.34375,0,0,0,0,0,57996.64453125,10216.5,0,7890.42431640625,0,0,0,9614.1005859375,0,97775.6484375,0,0,0,0,0,0,37220.4814453125,0,0,0,0,0,0
MZ_230.1888,0,0,40876.34765625,0,0,0,0,0,8618.9140625,0,7786.80224609375,0,0,0,0,0,0,0,0,0,0,0,0,20105.2114257813,0,0,0,0,0,0
MZ_230.9248,0,0,0,0,0,0,0,0,0,0,0,0,35744.44140625,0,0,0,0,0,0,0,0,0,0,0,0,0,0,0,0,0
MZ_230.9647,0,0,0,0,0,0,0,0,0,0,8909.5322265625,0,0,0,0,0,0,0,0,0,0,0,0,17150.56640625,0,0,0,0,0,0
MZ_231.1517,0,0,43863.21875,31216.154296875,0,0,0,0,10564.6396484375,0,7591.77392578125,0,0,0,17028.9921875,0,19143.0078125,0,0,0,0,0,0,44831.3657226563,0,0,0,0,0,0
MZ_233.0119,0,0,0,0,0,0,0,12318.078125,0,0,0,0,0,0,0,0,0,0,0,0,0,0,0,0,0,0,0,0,0,0
MZ_233.1675,0,0,0,0,0,0,0,0,0,0,0,0,0,0,9099.232421875,0,0,0,0,0,0,0,0,9875.6611328125,0,0,0,0,0,0
MZ_234.0160,0,0,0,0,0,0,0,0,0,0,0,0,0,0,0,0,0,0,0,0,0,0,0,0,3203203,5624645.25,0,2251172,0,3793449
MZ_235.0875,0,0,0,0,0,0,0,15359.271484375,0,0,0,0,0,0,0,0,0,0,0,0,0,0,0,0,0,0,0,0,0,0
MZ_235.1105,0,0,0,0,0,0,0,0,0,0,0,0,0,0,0,0,85634.8125,0,0,0,0,0,0,0,0,0,0,0,0,0
MZ_237.1030,0,0,0,0,0,0,0,29821.255859375,0,16427.0234375,19778.6162109375,0,0,0,0,0,0,0,0,0,0,0,0,17535.6962890625,0,0,0,0,0,0
MZ_237.8498,77852.7890625,0,0,0,42937.2421875,0,156875.962890625,139005.62109375,8631.3134765625,105629.892578125,37537.568359375,175541.796875,318012.701171875,646192.96484375,34397.8759765625,0,286334.919921875,0,0,0,122788.6875,0,153581.3046875,57632.958984375,0,0,0,0,0,0
MZ_238.0617,0,0,0,0,0,0,0,36343.3046875,5059.58251953125,15061.8974609375,0,0,17237.46875,0,8570.38671875,0,0,0,0,0,0,0,0,11846.6884765625,0,0,0,0,0,0
MZ_238.0888,0,0,0,0,0,0,0,0,0,0,0,0,0,0,0,0,0,0,0,0,0,0,0,0,38700171.625,46984831.9375,36311701.375,51512730.125,26004185.125,78718820.875
MZ_238.0985,0,0,0,0,0,0,0,17368.96875,0,0,7172.439453125,0,0,0,0,0,0,0,0,0,0,0,0,0,0,0,0,0,0,0
MZ_239.1186,0,0,0,0,0,0,0,13685.23046875,4979.7744140625,0,17042.404296875,0,0,0,0,0,0,0,0,0,0,0,0,4392.03369140625,0,0,0,0,0,0
MZ_239.3541,0,0,0,0,0,0,0,0,0,0,0,0,0,0,0,0,0,0,0,0,0,0,0,14923.8291015625,0,0,0,0,0,0
MZ_239.8477,0,0,0,0,0,0,0,12429.408203125,0,0,0,0,0,0,0,0,0,0,0,0,38818.0859375,0,0,5795.74853515625,0,0,0,0,0,0
MZ_240.0772,0,0,0,0,0,0,0,31999.45703125,7524.61767578125,48891.826171875,26848.251953125,0,50641.48046875,0,9158.7861328125,0,0,0,0,0,0,0,0,11512.9262695313,0,0,0,0,0,0
MZ_243.0124,0,0,0,0,0,0,0,0,0,21357.26171875,7865.07861328125,0,0,0,0,0,0,0,0,0,0,0,36645.671875,16876.1875,0,0,0,0,0,0
MZ_244.1788,0,0,0,0,0,0,0,0,0,0,0,0,0,0,0,0,0,20512.134765625,0,0,0,0,0,0,0,0,0,0,0,0
MZ_244.2363,0,0,0,0,0,0,0,0,0,0,0,0,0,0,20689.2734375,0,0,0,0,0,0,0,0,0,0,0,0,0,0,0
MZ_244.9804,0,0,0,0,0,0,0,0,0,0,17160.404296875,0,0,0,0,0,0,0,0,0,0,0,0,0,0,0,0,0,0,0
MZ_245.6144,0,0,0,0,0,0,0,0,0,0,0,0,0,36156.71875,0,0,0,0,0,0,0,0,0,0,0,0,0,0,0,0
MZ_246.4249,0,0,0,0,0,0,0,0,23737.98046875,0,0,0,0,0,0,0,0,0,0,0,0,0,0,0,0,0,0,0,0,0
MZ_246.8128,11472442.78125,633948.875,16214960.6015625,2255911.484375,14863337.65625,5882574.65625,1646689.4921875,0,2504558.09375,9464013.55078125,2101212.42871094,1428165.5859375,0,4673529.0625,623611.47265625,5740499.60546875,3876787.50976563,10853340.5625,4337219.9140625,79163.6171875,6653259.5078125,25751998.9765625,615369.875,289490.064453125,0,0,0,0,0,0
MZ_247.0513,0,0,0,0,0,0,0,0,22355.40625,0,0,0,0,0,0,0,0,0,0,0,0,0,0,0,0,0,0,0,0,0
MZ_249.0776,0,0,0,0,0,0,0,10665.2392578125,0,0,0,0,0,0,0,0,0,0,0,0,0,0,0,0,0,0,0,0,0,0
MZ_249.1031,0,0,0,0,0,0,0,13790.29296875,0,0,0,0,0,0,0,0,0,0,0,0,0,0,0,0,0,0,0,0,0,0
MZ_249.1264,0,0,133546.55859375,0,0,700326.625,192721.1640625,0,5014.35986328125,0,0,129552.3359375,0,182702.203125,13450.1455078125,436555.1171875,373052.2265625,96961.546875,51050.72265625,0,0,0,181922.328125,10997.9140625,0,0,0,0,0,0
MZ_249.9603,0,0,26345.275390625,0,0,0,0,0,0,0,0,0,0,0,0,0,0,0,0,0,0,0,0,0,0,0,0,0,0,0
MZ_249.9903,29683999.078125,25833266.2578125,19465413.3984375,24557236.421875,17970660.9921875,11681376.28125,14774970.7695313,16152510.6494141,18979741.6972656,16587716.6777344,15212235.890625,12935356.6484375,7350659.109375,13463412.9960938,16617338.3125,17578528.96875,10806272.4365234,8856835.671875,21011573.15625,23841700.9472656,16905997.65625,25968226.8359375,19112641.40625,20180183.9921875,0,0,0,0,2563685.25,0
MZ_249.9915,11759915.734375,8422304.6875,10585404.671875,1429432.5,3972641.09375,2768737.25,6761426.28515625,5884427.63378906,3108202.71289063,7553685.16601563,11502491.609375,4297677.0390625,1633094.15625,2280640.79296875,5998527.1875,9728107.1875,3304431.03027344,2313629.8046875,8956827.2734375,4264907.11914063,2758103.96875,606346.51171875,1621174.265625,2015389.3984375,0,0,0,0,0,0
MZ_250.0890,0,0,0,0,0,0,0,0,0,0,0,0,0,298794.84375,0,0,0,0,0,0,0,0,0,0,139402816.75,161212415.75,164076441.125,152728433.125,168976056.5,183866045.25
MZ_250.0983,0,0,0,0,0,0,0,12886.974609375,0,0,0,0,0,0,0,0,0,0,0,0,0,0,0,0,0,0,0,0,0,0
MZ_250.1097,0,0,0,0,0,0,0,0,0,0,0,0,0,0,0,0,0,0,0,0,0,0,0,0,0,0,0,443723.65625,0,0
MZ_250.8105,0,0,0,0,0,0,0,0,0,0,8814.923828125,0,252355.36328125,0,0,0,0,365736.37890625,0,0,0,0,0,0,0,0,0,0,0,0
MZ_250.8393,0,0,0,0,0,0,0,0,0,0,0,0,0,0,0,0,0,0,0,0,42109.78125,0,0,0,0,0,0,0,0,0
MZ_251.0336,0,0,0,0,0,0,0,13642.4140625,0,0,14361.55859375,0,0,0,0,0,0,0,0,0,0,0,0,0,0,0,0,0,0,0
MZ_251.1184,0,0,0,0,0,0,0,10881.859375,0,0,0,0,0,0,0,0,0,0,0,0,0,0,0,0,0,0,0,0,0,0
MZ_252.0774,0,0,0,0,0,0,0,43972.05859375,8148.47900390625,124045.791015625,29847.1884765625,0,80702.41796875,0,10394.033203125,0,15200.2353515625,0,0,0,0,0,0,26712.3481445313,0,0,0,0,0,0
MZ_252.1132,0,0,0,0,0,0,0,22349.794921875,0,0,0,0,0,0,0,0,0,0,0,0,0,0,0,0,0,0,0,0,0,0
MZ_254.0838,0,0,0,0,0,0,0,0,0,0,0,0,0,0,0,0,0,0,0,0,0,0,0,0,6014825.625,8423987.875,0,3197246.625,1817494.75,24586336.625
MZ_254.0930,0,0,0,0,0,0,0,38090.1796875,6618.7373046875,36509.7451171875,20962.7509765625,0,0,0,0,0,0,0,0,0,0,0,0,18076.873046875,0,0,0,0,0,0
MZ_254.5023,0,0,21951.9609375,0,0,0,0,0,0,0,0,0,0,0,0,0,0,0,0,0,0,0,0,0,0,0,0,0,0,0
MZ_255.0666,0,0,0,0,0,0,0,0,0,0,0,0,55524.8359375,0,0,0,0,0,0,0,0,0,0,0,0,0,0,0,0,0
MZ_255.1387,87702.71875,0,0,0,0,0,0,21256.900390625,0,0,7805.1240234375,0,451073.13671875,87078.2265625,0,0,0,0,0,0,0,0,0,0,0,0,0,0,0,0
MZ_257.0715,0,0,0,0,0,0,0,12727.2578125,0,0,0,0,0,0,0,0,0,0,0,0,0,0,0,4739.4296875,0,0,0,0,0,0
MZ_257.1427,0,0,0,0,0,0,0,0,4981.82177734375,0,0,0,0,0,0,0,0,0,0,0,0,0,0,0,0,0,0,0,0,0
MZ_258.8366,0,0,0,0,0,0,0,0,0,0,0,0,0,0,0,0,13533.107421875,0,0,0,0,0,0,15001.8427734375,0,0,0,0,0,0
MZ_259.0972,0,0,0,0,0,0,0,0,0,0,0,0,0,68906.66015625,0,0,0,0,0,0,0,0,0,0,0,0,0,0,0,0
MZ_259.1581,0,0,0,0,0,0,0,0,8830.4091796875,0,0,0,0,0,0,0,0,0,0,0,0,0,0,16270.8354492188,0,0,0,0,0,0
MZ_259.9591,5753903.8046875,270422.90625,3525941.5625,453156.421875,1552260.9375,0,602348.28125,61790.3828125,559897.75390625,3841267.49804688,771066,100826.171875,0,1353661.3359375,0,2530149.34375,634574.7890625,0,1242744.125,31414.025390625,891011.21484375,356228.78125,26233.94921875,461527.1484375,0,0,0,0,0,0
MZ_260.8447,0,619086.1875,0,84968.8828125,65073.1328125,283361,264839.515625,0,0,0,7919.75732421875,0,0,646027.27734375,43242.3203125,12093.0908203125,214307.73046875,0,0,0,35881.51953125,0,135788.171875,0,0,0,0,0,0,0
MZ_261.1266,0,0,41809.703125,0,0,0,0,0,0,0,0,0,0,0,16597.376953125,0,19176.12890625,0,38842.28515625,0,0,0,0,13724.73828125,0,0,0,0,0,0
MZ_261.1738,0,0,0,0,0,0,0,0,5045.0576171875,0,0,0,0,0,0,0,0,0,0,0,0,0,0,0,0,0,0,0,0,0
MZ_261.9746,0,0,0,38258.7109375,0,0,0,0,0,0,0,0,0,0,0,0,0,0,0,0,0,0,0,0,0,0,0,0,0,0
MZ_264.0782,0,0,0,0,0,0,0,11214.140625,0,0,0,0,0,0,0,0,0,0,0,0,0,0,0,0,0,0,0,0,0,0
MZ_264.1142,0,0,0,0,0,0,0,16227.6953125,0,0,7795.1259765625,0,0,0,0,0,0,0,0,0,0,0,0,0,0,0,0,0,0,0
MZ_265.0848,0,397320.03125,0,957820.4375,1420000.3125,647484.6875,0,0,0,0,0,0,0,4503525.75,989530,0,997553.9296875,0,0,0,0,0,673762.0625,0,0,0,0,0,0,0
MZ_265.8801,0,0,0,0,0,0,0,0,0,0,0,0,0,0,25361.5,0,0,0,0,0,0,0,0,0,0,0,0,0,0,0
MZ_265.9644,367041960.625,296771999.34375,233152561.296875,283415931.390625,222100301.171875,237938385.8125,169765770.15625,194185328.015625,188311525.125,208185916.890625,156927846.5625,166919355.375,146231849.285156,170357441.804688,198098678.027344,232720199.769531,118934431.210938,161267775.015625,248341297.84375,296105652.40625,226901088.84375,330387265.75,239351639.296875,210849553.679688,0,0,0,0,0,0
MZ_265.9658,105611085.625,87783423.71875,75025031.09375,1158025.484375,31465011.7109375,24251555.4375,79639634.78125,44730308.578125,29136268.59375,83106462.515625,115579140.8125,50726209.5,31398399.3320313,20047915.9921875,37872080.4960938,132905008.519531,23622940.6328125,23030912.25,76816112.09375,35399990.53125,34582456.25,6348102,22699202.171875,8192488.5546875,0,0,0,0,0,0
MZ_266.0932,0,0,0,0,0,0,0,45104.6640625,0,86162.5859375,21246.689453125,0,65304.720703125,0,18623.068359375,0,17374.435546875,0,0,0,0,0,0,24710.7661132813,0,0,0,0,0,0
MZ_266.9678,38342196.921875,30233982.328125,23090432.7421875,27681835.9765625,18985174.4765625,18547031.6875,16302317.578125,21011862.5390625,19712353.3007813,21470976.6992188,15968411.9833984,17724373.2890625,11679786.5292969,17586126.1015625,18355503.0615234,22192864.703125,11169425.9199219,16088820.1933594,26674149.4570313,30741291.1601563,23333488.1210938,34173400.4921875,23473022.9179688,22096408.5405273,0,0,0,0,0,0
MZ_267.7513,0,0,0,0,0,0,0,0,25738.732421875,0,0,0,0,0,0,0,0,0,0,0,0,0,0,0,0,0,0,0,0,0
MZ_267.9625,49984726.78125,40044078.28125,31351878.5625,38178652.9609375,27900648.9296875,24470810.5625,21860123.6972656,27092731.9355469,26422086.0839844,28593604.640625,20830671.7480469,23079400.9609375,18448599.8144531,22975493.84375,25366671.4296875,29584127.7695313,15441001.0898438,21583668.8183594,32448096.03125,40568559.0546875,31121992.3515625,45664526.4375,29950933.234375,29194015.5063477,0,0,0,0,0,0
MZ_267.9642,3452001.15625,5180637.28125,6290088.75,104348.1875,1264144.4765625,2498031.59375,5554231.10351563,5653183.35742188,1638653.35351563,8867957.5625,5896289.52148438,3081418.7890625,2281465.23632813,3023586.234375,2074788.375,8416984.67578125,1621005.4296875,551853.083984375,5082338.71875,4807217.7109375,2638804.453125,1438110.953125,753454.3125,1018283.22802734,0,0,0,0,0,0
MZ_267.9802,132117.53125,0,0,0,0,0,25016.28125,109217.381835938,40916.669921875,350123.1953125,235230.575195313,215457.50390625,224089.908203125,122421.86328125,0,136644.5625,77076.734375,255979.4375,190536.5,149136.638671875,89879.5546875,959442.9609375,0,232745.520996094,0,0,0,0,0,0
MZ_268.1086,0,80177.7421875,0,0,25951.857421875,0,27063.869140625,45547.7421875,11186.0595703125,180666.916015625,36037.205078125,0,131102.681640625,0,17901.115234375,11686.2890625,21375.2734375,0,20731.0859375,0,0,0,0,54160.4052734375,0,0,0,0,0,0
MZ_271.0879,0,0,0,0,0,0,0,12170.3779296875,0,0,0,0,0,0,0,0,0,0,0,0,0,0,0,0,0,0,0,0,0,0
MZ_271.7704,0,0,0,0,0,0,0,0,0,0,0,0,0,0,0,0,0,0,0,0,0,0,0,12855.48828125,0,0,0,0,0,0
MZ_271.8070,0,0,0,0,0,0,0,0,0,0,0,0,0,37817.3203125,0,0,0,0,0,0,0,0,0,0,0,0,0,0,0,0
MZ_272.2111,0,75188.953125,0,0,31248.8515625,0,0,0,11795.01171875,0,0,0,0,0,8403.5732421875,0,0,0,0,0,0,0,0,5893.65185546875,0,0,0,0,0,0
MZ_272.2368,0,0,0,0,0,0,0,0,0,0,0,0,0,0,8872.7412109375,0,0,0,0,0,0,0,0,0,0,0,0,0,0,0
MZ_272.8002,0,238750.109375,0,86900.421875,21514.515625,0,0,13298.14453125,0,116604.03125,8176.759765625,0,0,307607.546875,57147.47265625,20129.203125,255283.912109375,0,0,0,44410.86328125,0,158603.8203125,37192.927734375,0,0,0,0,0,0
MZ_273.1243,0,0,0,0,104207.78125,0,0,0,0,0,0,0,0,0,0,0,0,0,0,0,0,0,0,0,0,0,0,0,0,0
MZ_274.8106,139157.109375,0,0,90685.08984375,28037.79296875,0,0,24040.212890625,20083.482421875,41527.576171875,39451.5927734375,0,223270.59765625,188114.3203125,36244.0439453125,0,307602.76171875,0,0,26283.259765625,60783.3125,0,205265.5390625,160673.7421875,0,0,0,0,0,0
MZ_275.0914,0,0,0,0,0,0,0,0,0,0,0,0,0,28037.06640625,0,0,0,0,0,0,0,0,0,0,0,0,0,0,0,0
MZ_276.1852,67040.4609375,61483.375,140480.28125,16018.232421875,103731.26953125,0,90669.533203125,50055.03125,115681.2578125,145559.921875,193391.400390625,54654.140625,316321.46875,0,123148.845703125,63104.375,124267.54296875,32791.9375,0,72934.537109375,54642.48046875,0,0,122069.125976563,0,0,0,0,0,0
MZ_276.8086,0,0,0,0,0,0,0,0,0,0,0,0,0,0,0,0,18876.435546875,0,0,0,0,0,0,14914.84375,0,0,0,0,0,0
MZ_277.1077,0,0,0,0,0,0,0,0,0,0,0,0,0,64836.73828125,0,0,0,0,0,0,0,0,0,0,0,0,0,0,0,0
MZ_278.0842,0,0,0,0,0,0,0,0,0,0,0,0,0,0,0,0,0,0,0,0,0,0,0,0,1681700.125,0,0,0,0,912098.875
MZ_278.0931,0,0,0,0,0,0,0,16912.271484375,0,0,0,0,0,0,0,0,0,0,0,0,0,0,0,6979.81787109375,0,0,0,0,0,0
MZ_279.1621,0,0,0,0,0,0,0,0,0,0,0,0,0,302603.40625,0,0,0,0,0,0,0,0,0,0,89692451,87972834.125,88782266.5625,87955457.25,68419528.375,120554327.625
MZ_280.1091,0,0,0,0,0,0,0,39592.765625,9507.2802734375,69665.447265625,21453.4306640625,0,19749.818359375,0,16737.1953125,0,16052.359375,0,0,0,0,0,0,52847.8999023438,0,0,0,0,0,0
MZ_280.1345,0,0,0,0,0,0,0,0,0,0,0,0,0,0,0,0,0,0,0,0,0,0,0,8842.4365234375,0,0,0,0,0,0
MZ_280.1364,0,0,0,0,0,0,0,0,0,0,0,0,0,0,15832.0966796875,0,0,0,0,0,0,0,0,0,0,0,0,368890.15625,0,0
MZ_282.0791,0,0,0,0,0,0,0,0,0,0,0,0,0,0,0,0,0,0,0,0,0,0,0,0,4107691.5,4794943.75,0,4677866.5,0,16728662
MZ_282.1244,0,0,0,0,0,0,25531.3125,39929.546875,12611.0400390625,102156,27887.4873046875,0,54291.68359375,0,17969.87890625,0,19992.701171875,0,0,0,0,0,0,22813.5786132813,0,0,0,0,0,0
MZ_283.0863,0,0,0,0,0,0,0,15372.2353515625,0,0,0,0,0,0,0,0,0,0,0,0,0,0,0,0,0,0,0,0,0,0
MZ_284.2354,0,0,0,0,0,0,0,0,0,0,0,0,0,0,0,0,0,0,0,0,0,0,0,12695.11328125,0,0,0,0,0,0
MZ_285.0125,0,0,0,0,0,0,0,0,0,0,0,0,0,0,0,0,0,0,0,0,0,0,0,3899.52465820313,0,0,0,0,0,0
MZ_286.2522,0,0,0,0,0,0,0,0,7655.05712890625,0,7621.892578125,0,0,0,17384.20703125,0,0,0,0,0,0,0,0,20308.8544921875,0,0,0,0,0,0
MZ_288.1851,0,0,0,0,0,0,0,0,5574.01318359375,0,0,0,0,0,0,0,0,0,0,0,0,0,0,0,0,0,0,0,0,0
MZ_288.7956,340828.96875,0,0,66344.03125,36081.6640625,0,73569.2734375,33188.85546875,7996.6025390625,218050.775390625,25952.462890625,282218.0859375,0,620249.16796875,65308.6875,22001.75390625,532546.09765625,0,0,30166.8515625,83194.453125,0,282267.63671875,88170.001953125,0,0,0,0,0,0
MZ_289.0182,158747.3125,0,0,0,0,0,215853.46875,0,107250.3828125,0,0,81711.328125,0,0,0,0,0,0,217882.09375,0,0,417422.34375,0,0,0,0,0,0,0,0
MZ_289.1001,0,0,0,0,0,0,0,0,0,0,0,0,0,0,0,0,0,0,0,0,0,0,0,0,90117587.625,99907016.875,65213044,73306124.53125,52423517.375,96475499.25
MZ_290.0608,0,0,0,0,0,0,0,0,0,121563.783203125,0,0,167824.697265625,55695.328125,0,0,0,0,0,0,0,28057.7734375,0,4979.27880859375,0,0,0,0,0,0
MZ_291.1159,0,0,0,0,0,0,0,0,6707.17431640625,0,0,0,0,591504.625,10854.373046875,0,16220.068359375,0,0,0,0,0,0,15802.7958984375,134539506,165987826.75,141723610.8125,142826237.625,152498050.5,182281074.25
MZ_292.1092,0,0,0,0,0,0,0,18972.009765625,0,0,0,0,0,0,0,0,0,0,0,0,0,0,0,0,0,0,0,0,0,0
MZ_292.1461,0,0,0,0,0,0,0,11164.37890625,0,0,0,0,0,0,0,0,0,0,0,0,0,0,0,0,0,0,0,0,0,0
MZ_292.8220,0,0,0,0,0,0,0,0,0,0,0,0,26605.314453125,0,0,0,0,0,0,0,0,0,0,0,0,0,0,0,0,0
MZ_292.9283,0,0,0,0,0,0,0,0,0,0,0,0,25407.431640625,0,0,0,0,0,0,0,0,0,0,0,0,0,0,0,0,0
MZ_293.1317,0,0,0,0,0,0,0,0,6117.26806640625,0,0,0,0,309335.34375,10208.9248046875,0,0,0,0,0,0,0,0,14254.4091796875,1021975.75,2804945.0625,442355.5625,2296338.375,1141020.625,3254761
MZ_294.1245,0,0,0,0,0,0,0,38185.2109375,5554.53759765625,90036.14453125,12568.14453125,0,15677.49609375,0,0,0,17527.080078125,0,0,0,0,0,0,24047.111328125,0,0,0,0,0,0
MZ_295.0836,0,0,0,0,0,0,0,10925.6767578125,0,0,0,0,0,0,0,0,0,0,0,0,0,0,0,0,0,0,0,0,0,0
MZ_295.1212,0,0,0,0,0,0,0,14526.7421875,0,0,0,0,0,0,0,0,0,0,0,0,0,0,0,0,0,0,0,0,0,0
MZ_295.1477,0,0,0,0,0,0,0,0,6335.11962890625,0,0,0,0,0,0,0,0,0,0,0,0,0,0,0,0,0,0,0,0,0
MZ_296.1401,0,0,0,0,0,0,0,16364.2744140625,4960.3876953125,34880.7392578125,0,0,0,0,0,0,0,0,0,0,0,0,0,10002.2153320313,0,0,0,0,0,0
MZ_297.1006,0,0,0,0,0,0,0,14959.306640625,5147.61767578125,0,0,0,0,0,0,0,0,0,0,0,0,0,0,0,0,0,0,0,0,0
MZ_297.4225,0,0,0,0,0,0,0,0,0,0,0,0,0,0,0,0,0,0,0,0,0,0,0,12787.220703125,0,0,0,0,0,0
MZ_297.7959,0,0,0,0,0,0,0,0,0,0,0,0,0,0,8239.583984375,0,30100.703125,0,0,0,0,0,29524.603515625,8062.71044921875,0,0,0,0,0,0
MZ_297.9155,233478.3359375,365040.65625,235674.65625,0,0,0,0,0,0,174641.5,397806.9375,223564.15625,0,63649.30859375,0,0,112240.3046875,110246.2109375,0,0,38123.5546875,0,0,0,0,0,0,0,0,0
MZ_299.9309,0,279104,0,0,0,0,0,0,0,0,0,0,0,35541.8515625,0,0,0,0,0,0,0,0,0,0,0,0,0,0,0,0
MZ_301.0438,0,0,24956.126953125,0,0,0,0,0,0,0,0,0,0,0,0,0,0,0,0,0,0,0,0,0,0,0,0,0,0,0
MZ_301.0981,0,0,0,240051.140625,0,0,0,617113.796875,244250.3984375,304593.2578125,0,141481.140625,0,0,0,36680.8984375,0,0,0,154808.28125,0,977880.40625,0,720046.46875,0,0,0,0,0,0
MZ_301.1353,0,0,0,0,0,0,0,11181.4345703125,0,0,0,0,0,0,0,0,0,0,0,0,0,0,0,0,0,0,0,0,0,0
MZ_302.9369,0,0,0,0,0,0,0,20571.75,0,160544.873046875,9207.6455078125,142931.4453125,227851.583984375,68715.7578125,0,0,0,0,0,0,0,91367.234375,0,0,0,0,0,0,0,0
MZ_303.1224,0,0,0,0,0,0,0,0,0,0,0,0,0,40148.23828125,0,0,0,0,0,0,0,0,0,0,0,0,0,0,0,0
MZ_303.1244,0,0,0,0,0,0,0,0,0,0,0,0,0,38340.3828125,0,0,0,0,0,0,0,0,0,0,0,0,0,0,0,0
MZ_303.8347,683756.15625,0,280104.53515625,0,379353.515625,0,0,0,0,356246.171875,0,60290.28515625,0,0,11674.7275390625,0,0,0,163616.9375,0,0,480282.40625,32741.55078125,8465.1396484375,0,0,0,0,0,0
MZ_303.9210,730785.734375,0,0,1319898.75,0,0,0,363874.995117188,300709.329101563,658775.228515625,162125.113769531,222173.41015625,175630.826171875,61461.4921875,0,100689.1953125,0,1283841.265625,141104.65234375,1382045.6875,0,7887221.53515625,0,47141.47265625,0,0,0,0,0,0
MZ_303.9492,28452792,3077149.7265625,28434025,7585674.5,22601353.0917969,7338906.8125,8997778.09375,1126087.34375,5151220.65625,11268719.734375,8422411.57470703,4889911.55859375,0,13837171.9375,6208854.16699219,18464821.8515625,11067775.7382813,5063053.859375,18201153.2109375,4269761.34765625,6397633.203125,22641096.53125,12818001.265625,9440482.60595703,0,2352214,0,0,0,0
MZ_304.9526,0,0,403693.34375,0,988765.40625,0,197213.28125,0,0,0,0,0,0,0,0,0,74521.625,0,0,0,0,1310757.09375,0,0,0,0,0,0,0,0
MZ_306.1250,0,0,0,0,0,0,0,16310.2763671875,0,0,0,0,0,0,0,0,0,0,0,0,0,0,0,5594.84619140625,0,0,0,0,0,0
MZ_307.1111,0,0,0,0,0,0,0,0,0,0,0,0,0,0,0,0,0,0,0,0,0,0,0,0,979140.5625,0,0,0,0,931988.625
MZ_307.1203,0,0,0,0,0,0,0,11535.3349609375,0,0,0,0,0,0,0,0,0,0,0,0,0,0,0,0,0,0,0,0,0,0
MZ_307.2201,0,0,0,325638.8125,0,0,0,0,273391.3671875,190376.578125,0,248056.8671875,0,0,0,0,0,0,0,50654.6669921875,0,2108367.04882813,0,0,7331856.25,0,0,5829421,0,5121314.5
MZ_308.0950,0,0,0,0,0,0,0,0,0,0,0,0,0,0,0,0,0,0,0,0,0,0,0,0,65950533.875,65979170.75,25946362.75,61063645.375,43194937.5,101383744.625
MZ_308.1406,0,0,0,0,0,0,0,38346.0234375,9932.271484375,74095.041015625,17145.578125,0,0,0,10316.849609375,0,30366.5771484375,0,0,0,0,0,0,30124.1010742188,0,0,0,0,0,0
MZ_308.1423,0,0,0,0,0,0,0,0,0,21343.109375,17145.578125,0,0,282490.65625,0,0,15715.9443359375,0,0,0,0,0,0,16880.265625,0,0,0,0,0,0
MZ_309.0981,0,0,0,0,0,0,0,21137.1484375,0,0,0,0,0,0,0,0,0,0,0,0,0,0,0,4250.42041015625,0,0,0,0,0,0
MZ_309.0999,0,0,0,0,0,0,0,0,5339.53173828125,0,0,0,0,0,0,0,0,0,0,0,0,0,0,5548.14794921875,0,0,0,0,0,0
MZ_309.1360,0,0,0,0,0,0,0,10682.4990234375,0,0,0,0,0,0,8954.533203125,0,0,0,0,0,0,0,0,0,0,0,0,0,0,0
MZ_310.1544,0,0,0,0,0,0,0,0,0,0,0,0,0,0,0,0,0,0,0,0,0,0,0,5394.93408203125,0,0,0,0,0,0
MZ_310.1562,0,0,0,0,0,0,0,15230.8681640625,0,0,18666.9721679688,0,0,0,0,0,0,0,0,0,0,0,0,0,0,0,0,0,0,0
MZ_311.0282,0,0,0,0,0,0,0,0,0,0,0,0,0,0,0,0,0,0,0,0,0,0,0,15441.384765625,0,0,0,0,0,0
MZ_311.1164,0,0,0,0,0,0,0,12810.986328125,5187.025390625,0,0,0,0,0,0,0,0,0,0,0,0,0,0,0,0,0,0,0,0,0
MZ_313.0977,0,0,0,0,0,0,0,0,5089.76171875,0,0,0,0,0,0,0,0,0,0,0,0,0,0,0,0,0,0,0,0,0
MZ_313.7908,0,0,0,0,0,0,87112.453125,13045.810546875,0,0,0,111508.296875,0,162313.51953125,16062.58203125,0,60380.802734375,0,0,0,68582.2578125,0,53270.13671875,37185.5,0,0,0,0,0,0
MZ_314.8241,0,0,1547546.5,377796.328125,867684.0625,0,0,0,366766.65625,1442821.65625,0,0,0,0,0,0,0,0,0,0,1423427,421940.75,0,0,0,0,0,0,0,0
MZ_317.0955,0,0,0,0,0,0,0,0,0,0,0,0,0,0,0,0,0,0,0,0,0,0,0,0,5054335.25,0,0,2128478,0,9275286.5
MZ_317.1185,13298935.8125,2886562.5703125,6757233.375,2409590.078125,2478835.65820313,5339038.34375,1640698.92578125,1330827.203125,1921757.70214844,6170797.75,4125471.53320313,2581690.640625,16966517.6484375,5990207.6171875,1251427.93457031,7175961.328125,6155422.05859375,12697471.9472656,2185283.7265625,6475874.54296875,3094639.484375,9432163.203125,4520391.8125,2142271.14550781,0,0,0,0,0,0
MZ_318.1222,0,0,0,0,0,0,0,12541.51171875,0,74596.91796875,0,36562.1953125,361872.908203125,48497,0,0,0,0,0,0,0,0,0,0,0,0,0,0,0,0
MZ_319.1167,0,0,0,0,0,0,0,0,0,0,0,0,25483.140625,33029.75390625,0,0,0,0,0,0,0,0,0,0,0,0,0,0,0,0
MZ_319.1189,0,0,0,0,0,0,0,0,0,0,0,0,0,103343.03125,0,0,0,0,0,0,0,0,0,0,0,0,0,0,0,0
MZ_320.1412,0,0,0,0,0,0,0,0,5098.8671875,0,0,0,0,0,0,0,0,0,0,0,0,0,0,7334.43017578125,0,0,0,0,0,0
MZ_320.1757,0,0,0,0,0,0,0,0,5421.20703125,0,0,0,0,0,0,0,0,0,0,0,0,0,0,0,0,0,0,0,0,0
MZ_321.1344,0,0,0,0,0,0,0,0,0,0,0,0,0,157414.01171875,0,0,0,0,0,0,0,0,0,0,0,0,0,0,0,0
MZ_321.1372,0,0,0,0,0,0,0,13340.8056640625,0,0,0,0,0,0,0,0,0,0,0,0,0,0,0,0,0,0,0,0,0,0
MZ_322.1566,0,0,0,0,0,0,0,17499.02734375,5479.9990234375,15435.904296875,17172.3251953125,0,0,0,9076.9248046875,0,0,0,0,0,0,0,0,31136.6420898438,0,0,0,0,0,0
MZ_323.1153,0,0,0,0,0,0,0,23072.48828125,8242.666015625,16166.958984375,7479.46240234375,0,19586.3359375,0,0,0,0,0,0,0,0,0,0,4632.47265625,0,0,0,0,0,0
MZ_323.1519,0,0,0,0,0,0,0,15681.18359375,0,0,0,0,0,0,0,0,0,0,0,0,0,0,0,0,0,0,0,0,0,0
MZ_323.2096,0,0,0,0,0,0,0,0,0,0,0,0,0,0,0,0,0,0,0,0,0,0,0,9902.029296875,0,0,0,0,0,0
MZ_323.5799,0,0,0,0,0,0,0,0,24160.53125,0,0,0,0,0,0,0,0,0,0,0,0,0,0,0,0,0,0,0,0,0
MZ_324.1718,0,0,0,0,0,0,0,20717.501953125,0,15318.232421875,8652.583984375,0,0,0,0,0,0,0,0,0,0,0,0,5455.3759765625,0,0,0,0,0,0
MZ_325.1294,0,0,0,0,0,0,0,21868.650390625,0,0,0,0,0,0,0,0,0,0,0,0,0,0,0,0,0,0,0,0,0,0
MZ_325.1315,0,0,0,0,0,0,0,0,5875.16259765625,0,0,0,0,0,0,0,0,0,0,0,0,0,0,0,0,0,0,0,0,0
MZ_325.1818,0,0,0,0,0,0,0,11917.638671875,0,0,0,0,0,0,0,0,0,0,0,0,0,0,0,0,0,0,0,0,0,0
MZ_326.7514,0,0,0,0,0,0,0,23107.7265625,7436.345703125,0,14254.943359375,0,0,221659.23046875,17856.66015625,0,108642.80859375,0,0,0,54170.984375,0,63178.75,49206.1499023438,0,0,0,0,0,0
MZ_327.0568,108534.3046875,801588.5703125,0,92700.728515625,0,0,26200.240234375,1045201.95703125,1170975.61914063,877465.859375,127425.893554688,313299.91015625,227950.44921875,204506.3515625,414506.1875,140500.40625,133779.44921875,119352.25,478012.09375,131822.888671875,140743.609375,1461175.94921875,60284.921875,255077.74609375,0,0,0,0,0,0
MZ_328.1110,0,0,0,0,0,0,0,13223.85546875,0,0,0,0,0,0,0,0,0,0,0,0,0,0,0,0,0,0,0,0,0,0
MZ_329.0723,47294926.8125,35902060.234375,26363512.2421875,33563955.0546875,30432873.2226563,29164569.2734375,27591822.5,28946747.7304688,26667874.421875,37448722.65625,29338047.1640625,25513264.7734375,39189625.484375,25785888.171875,24180452.7421875,28139488.9921875,19065797.9765625,23899861.6328125,39261637.4882813,42725145.875,22393363.609375,35594301.125,25009889.9140625,25401727.8828125,0,0,0,0,0,0
MZ_330.0758,310011.40625,676602.234375,0,116844.15625,61356.625,0,59169.908203125,620770.1796875,416252.948242188,1372431.87109375,721267.53515625,354182.87890625,1009100.109375,277807.16796875,12832.16796875,196712.734375,309042.0078125,289265.466796875,295046.51171875,252096.3515625,98782.08984375,552686.65625,28476.90234375,307598.82421875,0,0,0,0,0,0
MZ_330.5188,0,0,0,0,0,0,0,0,0,0,0,0,0,39440.17578125,0,0,0,0,0,0,0,0,0,0,0,0,0,0,0,0
MZ_330.7782,0,0,0,0,0,0,0,0,5726.08056640625,0,0,0,103450.08984375,0,0,0,0,0,0,0,0,0,0,0,0,0,0,0,0,0
MZ_331.0707,0,0,0,0,0,0,0,0,0,67803.830078125,0,0,0,0,0,0,0,0,0,0,0,0,0,4991.521484375,0,0,0,0,0,0
MZ_331.0883,404669.765625,301036.09375,149504.359375,47069.53515625,119119.30078125,0,398430.958984375,1686462.06738281,518367.521484375,1967149.7421875,724031.7265625,870776.20703125,2277485.59765625,487118.80859375,37627.91796875,309414.48828125,448833.138671875,777688.6484375,730106.041015625,341167.328125,283419.09765625,879857.15625,89708.41015625,358261.081054688,0,0,0,0,0,0
MZ_332.0916,0,0,0,0,0,0,0,0,0,143305.32421875,8914.5986328125,0,214200.408203125,52184.98046875,0,0,0,0,0,0,0,0,0,4368.94580078125,0,0,0,0,0,0
MZ_332.8352,0,0,0,277576.90625,102679.21875,0,0,0,0,0,0,0,0,0,0,0,0,0,0,0,0,0,0,0,0,0,0,0,0,0
MZ_333.0904,0,0,0,0,0,0,0,0,0,0,0,0,0,0,0,0,0,0,0,0,0,0,0,0,179563039.25,189786260.625,181137738.59375,174615601.875,195504350.875,228670915.25
MZ_334.0952,0,0,0,0,0,0,0,0,0,0,0,0,0,0,0,0,0,0,0,0,0,0,0,0,0,0,0,0,0,804729.4375
MZ_334.1583,0,0,0,0,0,0,0,0,0,0,0,0,0,0,0,0,0,0,0,0,0,0,0,6082.39013671875,0,0,0,0,0,0
MZ_335.1061,0,0,0,0,0,0,0,0,0,0,0,0,0,322418.3125,0,0,0,0,0,0,0,0,0,0,370695525.75,393259461.25,357880385.8125,336443240.5,359765153,487465661.5
MZ_336.1094,0,0,0,0,0,0,0,0,0,0,0,0,0,0,0,0,0,0,0,0,0,0,0,0,43948890.5,59436346.6875,22470219.375,29486124.78125,13677519.625,72724825.25
MZ_336.1734,0,0,0,0,0,0,0,19035.6640625,5678.29296875,0,0,0,0,0,13931.33984375,0,0,0,0,0,0,0,0,16165.1967773438,0,0,0,0,0,0
MZ_337.1223,0,0,0,0,0,0,0,0,0,0,0,0,0,0,0,0,0,0,0,0,0,0,0,0,20064501.25,37026580.625,11480700.125,21125374.9375,7190125.25,51840028.125
MZ_337.1305,0,0,0,0,0,0,0,23775.521484375,7224.7490234375,0,0,0,0,0,0,0,0,0,0,0,0,0,0,3692.18676757813,0,0,0,0,0,0
MZ_337.1675,0,0,0,0,0,0,0,13498.8876953125,0,0,0,0,0,0,0,0,0,0,0,0,0,0,0,0,0,0,0,0,0,0
MZ_339.1469,0,0,0,0,0,0,0,35444.81640625,8803.8857421875,39320.4990234375,16205.064453125,0,0,0,0,0,0,0,0,0,0,0,0,11646.3051757813,0,0,0,0,0,0
MZ_339.3125,0,0,0,0,0,0,0,0,0,0,0,0,0,0,0,0,0,0,0,0,0,0,0,9077.7265625,0,0,0,0,0,0
MZ_339.8979,0,0,0,0,0,0,0,17481.275390625,0,194471.32421875,9032.29296875,0,123662.94921875,0,0,0,0,0,0,0,0,3085440,0,9615.86572265625,0,0,0,0,0,0
MZ_341.9056,28861596.4375,8965523.890625,11310226.375,11168946.4375,10295480.4433594,4329256.1875,10484606.2539063,3144205.51953125,7259865.015625,9946165.73242188,10722007.3945313,6637767.4453125,0,10415571.9667969,5686588.31054688,12713246.390625,14225531.6953125,2033844.65625,16330083.9179688,6061570.4765625,9011289.625,17824262.46875,14002594.3867188,11686345.9482422,0,0,0,0,0,0
MZ_342.9088,0,0,0,26315.91015625,0,0,0,0,112983.7890625,0,396224,67889.6328125,0,544780.3125,0,0,0,0,165076.75,0,0,0,0,0,0,0,0,0,0,0
MZ_343.0889,0,0,0,0,0,0,0,11880.5419921875,0,0,0,0,0,0,0,0,0,0,0,0,0,0,0,0,0,0,0,0,0,0
MZ_343.2491,0,0,0,0,0,0,0,0,4928.44580078125,0,0,0,0,0,0,0,0,0,0,0,0,0,0,0,0,0,0,0,0,0
MZ_345.9320,0,0,1293928.25,0,0,0,0,0,0,0,6776.9443359375,0,0,0,0,0,0,0,0,0,0,0,91348.076171875,0,0,0,0,0,0,0
MZ_347.1507,0,0,0,0,0,0,0,0,0,0,0,0,0,120952.443359375,0,0,0,0,0,0,0,0,0,0,0,0,0,0,0,0
MZ_348.0741,0,0,0,241996.546875,0,0,0,0,0,0,0,0,0,0,0,0,0,0,0,0,0,0,0,0,0,0,0,0,0,0
MZ_348.1735,0,0,0,0,0,0,0,0,0,0,0,0,0,0,0,0,0,0,0,0,0,0,0,9331.9189453125,0,0,0,0,0,0
MZ_348.1760,0,0,0,0,0,0,0,0,0,0,0,0,0,0,9227.458984375,0,0,0,0,0,0,0,0,0,0,0,0,0,0,0
MZ_349.1320,0,0,0,0,0,0,0,18644.2421875,0,0,0,0,0,0,0,0,0,0,0,0,0,0,0,0,0,0,0,0,0,0
MZ_350.1173,0,0,0,0,0,0,0,0,0,0,0,0,0,0,0,0,0,0,0,0,0,0,0,0,0,0,0,0,0,854884.75
MZ_350.1653,0,0,0,0,0,0,0,0,5265.35791015625,0,0,0,0,0,0,0,0,0,0,0,0,0,0,0,0,0,0,0,0,0
MZ_350.1900,0,0,54836.14453125,26968.470703125,21291.66796875,92372.09375,37515.1796875,40570.19921875,82209.044921875,0,46641.7626953125,0,0,164608.40625,41253.669921875,78136.9609375,73866.20703125,0,48156.96875,44477.734375,53649.9609375,0,0,50418.16796875,0,0,0,0,0,0
MZ_350.7507,0,0,0,0,0,0,0,0,0,0,0,0,0,0,0,0,0,0,0,0,0,0,0,7094.01953125,0,0,0,0,0,0
MZ_351.1469,0,0,0,0,0,0,0,0,5804.708984375,14031.2177734375,7069.513671875,0,0,0,0,0,0,0,0,0,0,0,0,15860.1181640625,0,0,0,0,0,0
MZ_352.1330,0,0,0,0,0,0,0,0,0,0,0,0,0,348330.34375,0,0,0,0,0,0,0,0,0,0,12518399.625,38628289.25,32291724,21742730.5,32360643.375,21264191.25
MZ_352.1738,0,0,0,0,0,0,0,0,0,0,0,0,0,41663.43359375,0,0,0,0,0,0,0,0,0,0,0,0,0,0,0,0
MZ_353.1625,0,0,0,0,0,0,0,26910.984375,8365.3505859375,0,7905.46923828125,0,0,0,0,0,0,0,0,0,0,0,0,4583.486328125,0,0,0,0,0,0
MZ_355.7726,0,0,0,0,0,0,0,0,0,0,0,0,0,0,0,0,0,0,0,0,0,0,0,3711.92822265625,0,0,0,0,0,0
MZ_356.1425,0,0,0,0,0,0,0,11262.94140625,0,0,0,0,0,0,0,0,0,0,0,0,0,0,0,0,0,0,0,0,0,0
MZ_357.0884,0,0,0,0,0,0,0,0,0,0,0,0,0,0,0,0,0,0,0,0,0,0,0,0,0,2056980.5,0,1932881.125,0,0
MZ_358.1573,0,0,0,0,0,0,0,11684.2197265625,0,0,0,0,0,0,0,0,0,0,0,0,0,0,0,0,0,0,0,0,0,0
MZ_360.1753,0,0,0,0,0,0,0,0,0,0,0,0,0,0,8271.767578125,0,0,0,0,0,0,0,0,0,0,0,0,0,0,0
MZ_360.7098,490821.375,0,357228.78125,41709.57421875,1334766.72265625,0,0,0,616509.1875,0,0,0,0,0,0,423609.0625,78593.3359375,0,0,0,1224453.875,476734.625,0,54565.59375,0,0,0,0,0,0
MZ_361.0856,0,0,0,0,0,0,0,0,0,0,0,0,0,0,0,0,0,0,0,0,0,0,0,0,0,0,0,0,0,5596341.5
MZ_362.1907,0,0,0,0,0,0,0,0,6791.3056640625,0,0,0,0,0,9229.208984375,0,0,0,0,0,0,0,0,17628.2397460938,0,0,0,0,0,0
MZ_363.1439,0,0,0,0,0,0,0,0,0,0,0,0,0,32912.6953125,0,0,0,0,0,0,0,0,0,0,0,0,0,0,0,0
MZ_363.1466,0,0,0,0,0,0,0,12240.8916015625,0,0,0,0,0,40004.328125,0,0,0,0,0,0,0,0,0,0,0,0,0,0,0,0
MZ_364.2054,0,0,0,0,0,0,0,0,0,0,0,0,0,0,0,0,0,0,0,0,0,0,0,3924.57568359375,0,0,0,0,0,0
MZ_365.0133,0,0,0,0,0,0,0,11059.36328125,0,120151.4921875,0,103967.0859375,0,54721.48046875,0,0,0,0,0,0,0,48776.6796875,0,0,0,0,0,0,0,0
MZ_365.1624,0,0,0,0,0,0,0,18236.390625,6793.1591796875,17506.72265625,0,0,0,167055.5625,9684.10546875,0,0,0,0,0,0,0,0,18884.373046875,0,0,0,0,0,0
MZ_366.1619,0,0,0,0,0,0,0,12117.10546875,0,0,0,0,0,0,0,0,0,0,0,0,0,0,0,0,0,0,0,0,0,0
MZ_367.0290,116463.59375,0,0,0,0,0,23305.16015625,55609.7431640625,11883.4169921875,691147.26953125,111845.419921875,332659.7109375,489493.353515625,209965.42578125,0,113815.5390625,0,0,112001.0859375,69240.171875,0,471275.39453125,0,85031.1909179688,0,0,0,0,0,0
MZ_367.1788,0,0,0,0,0,0,0,0,5238.73681640625,0,0,0,0,0,0,0,0,0,0,0,0,0,0,0,0,0,0,0,0,0
MZ_368.1400,0,0,0,0,0,0,0,12350.982421875,0,0,0,0,0,0,0,0,0,0,0,0,0,0,0,0,0,0,0,0,0,0
MZ_369.0456,0,0,0,0,0,0,0,0,0,153068.14453125,19482.7353515625,69959.5078125,198359.78515625,76552.34375,0,0,0,0,0,0,0,53060.77734375,0,4428.43798828125,0,0,0,0,0,0
MZ_369.0477,0,0,0,0,0,0,0,0,0,147100.4375,0,69959.5078125,26735.765625,0,0,0,0,0,0,0,0,53060.77734375,0,4428.43798828125,0,0,0,0,0,0
MZ_370.7920,0,256895.015625,0,186352.265625,0,0,0,0,0,0,0,0,0,663089.109375,0,0,184094.453125,0,0,0,71949.296875,0,31644.24609375,0,0,0,0,0,0,0
MZ_373.0626,6392139.234375,13114363.296875,11249702.1796875,9633397.60546875,6323035.15625,16015673.96875,7622503.01953125,2948385.2265625,4536647.953125,1578492.14453125,4555652.5234375,5648925.375,774885.751953125,9868468.29101563,12730444.8808594,8752201.5078125,6338954.34765625,1197572.0703125,6388661.40429688,5311318.99804688,3031915.05859375,1536169.84375,9044198.71875,8469602.47851563,0,0,0,0,4358551,0
MZ_374.0662,0,0,0,0,0,0,0,0,6564.2724609375,0,0,0,0,0,0,0,0,0,0,0,0,0,0,10128.9072265625,0,0,0,0,0,0
MZ_375.5088,0,0,0,0,0,0,0,0,0,0,0,0,0,45373.234375,0,0,0,0,0,0,0,0,0,0,0,0,0,0,0,0
MZ_377.0804,0,0,0,0,0,0,0,0,0,0,0,0,0,0,0,0,0,0,0,0,0,0,0,0,0,0,0,0,0,820613.6875
MZ_377.1638,0,0,0,0,0,0,0,14770.51953125,0,0,0,0,0,0,0,0,0,0,0,0,0,0,0,0,0,0,0,0,0,0
MZ_377.2000,0,0,0,0,0,0,0,11363.80078125,0,0,0,0,0,0,0,0,0,0,0,0,0,0,0,0,0,0,0,0,0,0
MZ_378.1123,0,0,0,0,0,0,0,0,0,0,0,0,0,0,0,0,0,0,0,0,0,0,0,0,198835604.125,198750541.375,161454749.125,171831557.75,174671453.625,263373900.25
MZ_379.0961,0,0,0,0,0,0,0,0,0,0,0,0,0,0,0,0,852806.5625,0,0,0,1776259.25,0,0,0,558688005,539884473,491286162.75,506194292.25,496031395.75,823307775
MZ_379.1797,0,0,0,0,0,0,0,14970.1044921875,5326.6806640625,0,0,0,0,0,0,0,0,0,0,0,0,0,0,6195.00244140625,0,0,0,0,0,0
MZ_380.0996,0,0,0,0,0,0,0,0,0,0,0,0,0,0,0,0,0,0,0,0,0,0,0,0,119113371.5,119590180.375,81762582.625,105596440.28125,75643848.375,187938641.25
MZ_380.1398,0,0,0,0,0,0,0,11718.8876953125,0,0,0,0,0,0,0,0,0,0,0,0,0,0,0,0,0,0,0,0,0,0
MZ_381.1117,0,0,0,0,0,0,0,0,0,0,0,0,0,0,0,0,0,0,0,0,0,0,0,0,0,0,0,0,0,771489.5625
MZ_381.1268,0,0,0,0,0,0,0,0,0,0,0,0,0,0,0,0,0,19499.3046875,0,0,0,0,0,0,0,0,0,0,0,0
MZ_381.1941,0,0,0,0,0,0,0,14622.40625,0,0,0,0,0,0,0,0,0,0,0,0,0,0,0,4646.54052734375,0,0,0,0,0,0
MZ_383.0447,182926.625,107411.5,416926.8125,630456.65625,1165078.640625,304336.125,409693.4375,1174700.734375,259991.1484375,282360.71875,542733.40625,344402.703125,0,0,1543811.8671875,111546.7890625,639266.796875,0,0,1174330.203125,191040.84375,1570828.1796875,453431.25,1105110.34375,0,0,0,0,0,0
MZ_383.2488,0,0,0,0,0,0,0,0,0,0,0,0,0,0,0,0,0,0,0,0,0,0,0,8170.46826171875,0,0,0,0,0,0
MZ_390.7237,0,0,0,0,0,0,0,0,0,0,0,0,0,0,0,0,0,0,0,0,0,0,0,8568.763671875,0,0,0,0,0,0
MZ_391.1771,0,0,0,0,0,0,0,0,0,0,0,0,0,89858.234375,0,0,0,0,0,0,0,0,0,0,0,0,0,0,0,0
MZ_393.0593,163980.8125,0,373738.890625,299533.41796875,751636.78515625,1373240.125,513767.671875,0,127389.328125,354072.15625,378185.0625,77366.2734375,0,100387.4375,0,383967.984375,197933.89453125,0,0,0,38204.40625,1383108.375,0,0,0,0,0,0,0,0
MZ_393.1951,0,0,0,0,0,0,0,13955.0068359375,6803.53125,0,0,0,0,0,0,0,0,0,0,0,0,0,0,0,0,0,0,0,0,0
MZ_394.1548,0,0,0,0,0,0,0,0,7153.3701171875,0,0,0,0,0,9219.326171875,0,0,0,0,0,0,0,0,5614.67822265625,0,0,0,0,0,0
MZ_394.1807,0,0,123244.140625,36052.5390625,0,543573,104866.65234375,0,0,0,0,0,0,344020.8125,165783.01953125,90485.9296875,118556.71875,0,75621.271484375,0,0,0,0,43063.2084960938,0,0,0,0,0,0
MZ_395.1829,0,0,38054.91796875,0,0,0,0,0,0,0,0,0,0,0,0,0,0,0,0,0,0,0,0,0,0,0,0,0,0,0
MZ_395.2118,0,0,0,0,0,0,0,0,0,0,0,0,0,0,0,0,0,0,0,0,0,0,0,4528.89990234375,0,0,0,0,0,0
MZ_396.1232,0,0,0,0,0,0,0,0,0,0,0,0,0,331711.4375,0,0,0,0,0,0,0,0,0,0,257407796.25,288865698,282838800,246940929.875,269504009.5,408258410.75
MZ_396.1701,0,0,0,0,0,0,0,13304.943359375,6769.2705078125,0,0,0,0,0,0,0,0,0,0,0,0,0,0,0,0,0,0,0,0,0
MZ_397.1267,0,0,0,0,0,0,0,0,0,0,0,0,0,0,0,0,0,0,0,0,0,0,0,0,22777054.625,32779043.5625,14002662.1875,12770280.375,9199125.875,50327825.125
MZ_401.0786,0,0,0,0,0,0,0,0,0,0,0,0,0,0,0,0,0,0,0,0,0,0,0,0,156391371.75,192968865.9375,71153284.125,135579993.25,43506987.5,200240355.125
MZ_402.0820,0,0,0,0,0,0,0,0,0,0,0,0,0,0,0,0,0,0,0,0,0,0,0,0,0,1714446.5,0,0,0,6189131.75
MZ_402.1218,3327851.296875,6257182.4296875,4308198.046875,866040.09375,4068386.90625,5686411.453125,7203706,1793798.21875,4348194.7734375,3477085.6640625,4191970.19921875,1542322.203125,1227899.0625,1234022.109375,5626828.265625,993404.76953125,1981799.6875,840743.5,4297595.0390625,3077511.0625,1233429.578125,2159889.328125,178592.9453125,2834635.8125,0,0,0,0,0,0
MZ_402.6925,149296.015625,0,0,134445.75390625,102746.21875,0,174063.974609375,120866.63671875,9536.369140625,161025.760742188,16988.80078125,99623.40625,0,1567685.43554688,70150.408203125,25640.814453125,601930.015625,0,0,59969.625,84952.203125,0,276586.48828125,97195.1640625,0,0,0,0,0,0
MZ_404.2123,0,0,0,0,0,0,0,0,4993.8427734375,0,0,0,0,0,0,0,0,0,0,0,0,0,0,0,0,0,0,0,0,0
MZ_404.9853,0,0,0,0,0,0,0,0,0,181500.361328125,0,267206.51953125,205840.001953125,81323.6640625,0,0,0,0,35920.1640625,0,0,8523059.4375,0,0,0,0,0,0,0,0
MZ_405.0130,154897.203125,0,0,359541.2109375,31208.73828125,0,172715.140625,62669.08984375,0,114731.9296875,8319.9130859375,0,0,44049.05859375,0,0,52281.83203125,0,0,0,0,193630.8125,0,6847.21142578125,0,0,0,0,0,0
MZ_406.1799,0,0,0,0,0,0,0,0,0,0,0,0,0,0,13777.5693359375,0,0,0,0,0,0,0,0,0,0,0,0,0,0,0
MZ_406.7187,0,0,0,0,0,0,0,0,0,0,0,0,0,0,0,0,0,0,0,0,0,0,0,9917.212890625,0,0,0,0,0,0
MZ_408.1702,0,0,0,0,0,0,0,0,4855.84326171875,0,0,0,0,0,0,0,0,0,0,0,0,0,0,0,0,0,0,0,0,0
MZ_408.2068,0,0,0,0,0,0,0,11127.2822265625,0,0,0,0,0,0,0,0,0,0,0,0,0,0,0,0,0,0,0,0,0,0
MZ_409.1887,0,0,0,0,0,0,0,0,0,0,0,0,0,110108.61328125,0,0,0,0,0,0,0,0,0,0,0,0,0,0,0,0
MZ_411.0189,872640.8515625,1960116.59375,1656300.828125,130399.75,400272.5546875,745192.6875,24256.51953125,0,1004939.46191406,47257.76953125,360982.0234375,1026737.25,0,256063.271484375,634878.7578125,125763.296875,676107.55078125,0,602022.765625,378499.125,307783.34375,480636.0625,117174.1328125,52061.6826171875,0,0,0,0,0,0
MZ_411.0211,610756.2421875,200635.40625,0,0,84425.3046875,0,24256.51953125,13703.2880859375,10613.1494140625,19336.58203125,340115.8515625,364178.640625,0,0,272976.96875,125763.296875,0,0,602022.765625,0,0,187606.03125,0,31593.49609375,0,0,0,0,0,0
MZ_412.7265,1723570.71875,0,5979982.796875,694275.9375,3776793.9375,1830507.75,233212.08203125,0,782915.5625,3481594.84375,0,0,0,180316.5,182279.15625,1337530.375,717674.7109375,0,743577.6875,31409.60546875,2334622.984375,5643367.34375,0,78306,0,0,0,0,0,0
MZ_415.8466,0,0,352992.96875,0,0,0,0,0,0,0,0,0,0,0,0,0,0,0,0,0,0,467197.6875,0,0,0,0,0,0,0,0
MZ_417.0528,2886256.890625,11937534.328125,8091807.734375,10374379.234375,4396683.375,10914698.5,4758610.64453125,694613.4453125,321320.407714844,483112.6875,4076107.84765625,3315372.8203125,0,8356212,8431391.74902344,7174262.484375,8050145.72265625,1308718.953125,2471250.09375,3988653.0078125,2484199.828125,1310552.953125,6519329.578125,5984712.21875,2386072.25,0,0,0,72976602.125,0
MZ_417.8465,10953911.609375,157444.671875,11178546.875,883616.953125,10797446.6328125,3622273.4375,2863136.7734375,93411.3125,2574882.5625,7167996,2389862.1875,1281281.94921875,0,3152272.41015625,1373664.703125,6863215.5,1622068.9765625,409108.8515625,9548847.71875,666398.05859375,1717391.65625,11547190.75,1328124.20703125,3003795.53125,0,0,0,0,0,0
MZ_418.0565,0,106590.25,0,0,0,0,0,0,0,0,0,0,0,0,0,0,0,0,0,0,0,0,0,0,0,0,0,0,0,0
MZ_418.8496,0,0,436395.875,0,0,0,0,0,0,0,0,0,0,0,0,0,0,0,0,0,0,743401.1875,0,0,0,0,0,0,0,0
MZ_422.1858,0,0,0,0,0,0,0,12063.08203125,5265.02734375,0,0,0,0,0,0,0,0,0,0,0,0,0,0,6597.55712890625,0,0,0,0,0,0
MZ_423.0606,0,0,0,0,0,0,0,0,0,0,0,0,0,0,0,0,0,0,0,0,0,0,0,0,39747328.625,53719620.25,3267682,37756015.5,0,27066457.75
MZ_424.6835,0,0,0,0,0,0,0,0,30504.869140625,0,0,0,0,0,0,0,0,0,0,0,0,0,0,0,0,0,0,0,0,0
MZ_427.1819,0,0,0,0,0,0,0,12383.3134765625,0,0,0,0,0,0,0,0,0,0,0,0,0,0,0,0,0,0,0,0,0,0
MZ_431.8512,0,0,0,0,0,0,0,0,0,0,0,0,0,46293.46875,0,0,0,0,0,0,0,0,0,0,0,0,0,0,0,0
MZ_435.2037,0,0,0,0,0,0,0,0,0,0,0,0,0,85555.0234375,0,0,0,0,0,0,0,0,0,0,0,0,0,0,0,0
MZ_436.2034,0,0,0,0,0,0,0,12146.9677734375,0,0,0,0,0,0,0,0,0,0,0,0,0,0,0,0,0,0,0,0,0,0
MZ_438.1713,0,0,44325.20703125,223548.78125,0,623389.6875,0,0,0,0,0,0,0,0,77836.0078125,0,110435.640625,0,0,0,0,0,0,14423.015625,0,0,0,0,0,0
MZ_439.0350,14529988.828125,17586099.3046875,10915092.765625,16255454.53125,9498219.7265625,9021851.4375,11704626.71875,11343433.5859375,12507131.5390625,7748987.5078125,10654578.375,7731689.0234375,505536.4375,9339120.3125,11291535.109375,5861209.4453125,6747386.859375,1173071.5,9500206.125,12198833.9375,9345877.9921875,10299916.859375,12454520.390625,14909869.296875,0,0,0,0,2269901,0
MZ_439.2808,0,0,0,0,0,0,0,0,0,0,0,0,0,0,0,0,0,0,0,0,0,0,0,10444.43359375,0,0,0,0,0,0
MZ_440.0780,702094.46875,139351.6875,0,0,216727.625,1005838.03125,2062192.765625,458633.5625,736988.4375,554309.3984375,492426.05078125,730198.71875,0,0,939182.09375,0,0,0,0,187285.890625,155124.453125,814606.734375,0,0,0,0,0,0,0,0
MZ_444.6754,0,0,0,0,0,0,0,0,0,0,0,0,0,0,0,0,0,0,0,0,0,0,0,10177.9208984375,0,0,0,0,0,0
MZ_450.2175,0,0,0,0,0,0,0,0,6518.39501953125,0,0,0,0,0,0,0,0,0,0,0,0,0,0,0,0,0,0,0,0,0
MZ_452.2358,0,0,0,0,0,0,0,0,5221.052734375,0,0,0,0,0,0,0,0,0,0,0,0,0,0,0,0,0,0,0,0,0
MZ_453.2152,0,0,0,0,0,0,0,0,0,0,0,0,0,18912.890625,0,0,0,0,0,0,0,0,0,0,0,0,0,0,0,0
MZ_455.0090,209632108.28125,198639443.703125,139977605.085938,199510691.890625,145538465.28125,155515961.34375,120182603.570313,136833935.613281,122323905.605469,123254754.544922,94629720.1914063,106728454.328125,62891069.3984375,124868484.15625,132335802.097656,136630462.222656,75820153.890625,68741690.4140625,135648970.027344,178428668.328125,142335278.96875,170942652.265625,151906973.023438,138852822.660156,0,0,0,0,4958831.875,0
MZ_455.8029,0,0,0,0,0,0,208680.9375,0,103002.03125,0,530531.3125,82551.0390625,0,0,0,0,0,0,204885.265625,0,0,0,0,0,0,0,0,0,0,0
MZ_456.0123,45456595.71875,43109939.4609375,30653496.1484375,43826128.2832031,31536312.84375,27754112.53125,26073098.03125,31028460.046875,27324602.84375,26577331.453125,20661038.84375,23938410.6289063,12102370.4609375,27789029.9296875,29178871.921875,28109246.9492188,16904140.0859375,13921733.1328125,29306063.4375,40299065.8632813,32138659.8984375,36928009.5019531,32948692.9335938,30861244.6137695,0,0,0,0,0,0
MZ_457.0062,30561823.0117188,28347478.7734375,19888681.046875,28430039,16994675.125,14166166.21875,16364322.7578125,21035864,18218378.7539063,17966129.7265625,13001862.6484375,15796191.8632813,4136736.17578125,17610995.3613281,19060825.109375,17487299.703125,9103569.31640625,6232247.3046875,16245058.75,25496476.9296875,21087004.8828125,21889631.234375,20112053.1425781,20186564.2421875,0,0,0,0,0,0
MZ_457.0093,4750708.83984375,3017721.203125,2622738.453125,4310515.09375,687629.9375,5352435.90625,1682186.5,2075350.4296875,2888695.609375,773962.484375,2347983.5234375,431274.59375,0,1366651,2814551,3464755.84375,333311.58203125,795132.375,2445195.1875,997204.6875,2136891.65625,2762558.875,1548387,1122844.18115234,0,0,0,0,0,0
MZ_457.7571,0,0,24203.447265625,0,0,0,0,0,0,0,0,0,0,0,0,0,0,0,0,0,0,0,0,0,0,0,0,0,0,0
MZ_458.6590,0,0,0,0,0,0,0,0,0,0,0,0,0,0,31186.935546875,0,0,0,0,0,0,0,0,14422.72265625,0,0,0,0,0,0
MZ_462.7272,0,0,1655233.53125,304053.28125,1102077.94921875,0,0,0,544799.375,1420420.25,0,0,0,0,0,448008.8359375,0,0,0,0,1323322.375,865417,0,0,0,0,0,0,0,0
MZ_465.2296,0,0,0,0,0,0,0,0,4836.86669921875,0,0,0,0,0,0,0,0,0,0,0,0,0,0,0,0,0,0,0,0,0
MZ_467.2408,0,0,0,0,0,0,0,0,0,0,0,0,0,0,0,0,0,0,0,0,0,0,0,9302.3671875,0,0,0,0,0,0
MZ_471.8300,0,0,0,0,0,0,0,0,0,0,0,0,0,0,0,0,0,0,0,0,0,0,0,9975.0048828125,0,0,0,0,0,0
MZ_472.1115,0,0,0,0,0,0,0,10954.8623046875,6709.5830078125,102154.982421875,16766.4716796875,51217.7890625,0,46782.26953125,0,0,0,0,156724.9453125,58750.140625,0,0,0,47382.3813476563,0,0,0,0,0,0
MZ_474.1273,0,0,0,0,0,0,0,10727.8193359375,12590.0634765625,170743.5625,13723.8759765625,109521.68359375,138275.189453125,68220.9921875,0,92860.8359375,106056.640625,0,173733,119062.732421875,35729.91015625,197886.1796875,0,47773.9604492188,0,0,0,0,0,0
MZ_474.1310,0,0,0,0,0,0,0,0,12590.0634765625,0,0,0,0,0,0,0,0,0,73311.8671875,0,0,0,0,8386.60546875,0,0,0,0,0,0
MZ_476.1428,0,0,0,0,0,0,0,0,0,75121.640625,7942.2353515625,43624.77734375,18216.216796875,40210.19921875,0,0,0,0,0,0,0,0,0,12096.8315429688,0,0,0,0,0,0
MZ_476.9911,6887935.625,9680731.9375,3940653.625,4816707.078125,1683668.984375,433399.71875,4559234.4375,3413016.515625,6503959.59375,2885598.703125,3487100.8671875,2291857.21875,0,1202393.71875,5002960.25,5932981.8125,1252909.22460938,0,4917288.96875,7188817.5,2286340.7890625,5942357,2834627.296875,9070013.06152344,0,0,0,0,0,0
MZ_477.2316,0,0,0,0,0,0,0,13344.1943359375,0,0,0,0,0,0,0,0,0,0,0,0,0,0,0,0,0,0,0,0,0,0
MZ_478.6331,0,0,0,0,0,0,0,0,0,0,0,0,0,0,22742.201171875,0,0,0,0,0,0,0,32441.888671875,16149.8432617188,0,0,0,0,0,0
MZ_479.2102,0,0,0,0,0,0,0,0,5148.5615234375,0,0,0,0,0,0,0,0,0,0,0,0,0,0,0,0,0,0,0,0,0
MZ_480.1613,0,0,0,0,0,0,0,0,0,0,0,0,0,0,0,0,0,0,0,0,0,0,0,0,0,0,0,0,0,939612.3125
MZ_482.1289,0,0,0,0,0,0,0,0,25621.7109375,0,0,0,0,0,0,0,0,0,0,0,0,0,0,0,0,0,0,0,0,0
MZ_490.1430,1136428.65625,135974.9375,0,0,225775.3125,0,0,1046939.390625,88326.90625,780056.375,0,0,0,846809.1875,301817.28125,1448769.6875,0,0,0,0,199463.28125,2555974.3984375,0,722552.3125,0,0,0,0,0,0
MZ_492.9652,98014859.65625,96933525.625,59543079.4375,84998379.6835938,58519279.7890625,39774615.875,53521828.0527344,60983344.3242188,65938392.21875,64028621.5507813,43661321.3955078,49481590.3125,21762752.5214844,51183850.609375,65227908.921875,64506886.7421875,29296074.578125,27170970.8046875,75689744.03125,99977077.5039063,68117801.734375,91271880.765625,51407657.1132813,69698585.8408203,0,0,0,0,0,0
MZ_493.9685,15061728.21875,17579374.1640625,9459675.21875,14496039.4921875,10057295.3125,2433108.296875,9672627.4296875,12660108.953125,11977166.6171875,12941184.1328125,7681911.82421875,8309505.328125,0,7363291.46875,11179611.296875,10610559.7578125,4558367.33203125,659988.9375,15650115.0078125,19264295.9667969,13315434.9375,16042620.6640625,6741963.296875,15013921.5791016,0,0,0,0,0,0
MZ_494.9627,15714365.234375,19610118.15625,8940185.65625,14879351.546875,7598598.171875,2780099,10500709.6054688,12826750.3828125,12389443.2109375,12606121.5546875,7173966.859375,8646444.9375,0,7304571.078125,11213476.7109375,10967222.671875,4441455.94921875,0,14025837.3671875,18018387.9609375,12868997.828125,16587579.171875,7101855.109375,15114756.9951172,0,0,0,0,0,0
MZ_494.9659,1590749.8125,2011099.265625,1225861.71875,0,533157.5,1061774.28125,1493952.65625,276188.84375,1354591.15234375,832804.34375,2262263.484375,0,0,0,3557961,3107212.484375,529118.125,0,1132151.75,1945037.90625,1599449.421875,1655979.9375,91939.09375,1170845.4375,0,0,0,0,0,0
MZ_497.2358,0,0,0,0,0,0,0,0,0,0,0,0,0,34018.46875,0,0,0,0,0,0,0,0,0,0,0,0,0,0,0,0
MZ_507.2423,0,0,0,0,0,0,0,0,5609.396484375,0,0,0,0,0,0,0,0,0,0,0,0,0,0,0,0,0,0,0,0,0
MZ_509.2319,0,0,0,0,0,0,0,0,0,0,0,0,0,47230.44140625,0,0,0,0,0,0,0,0,0,0,0,0,0,0,0,0
MZ_519.0007,0,0,0,0,0,0,0,0,0,0,0,0,0,0,0,0,0,0,0,0,0,0,0,15994.9833984375,0,0,0,0,0,0
MZ_520.6157,0,0,0,0,0,0,0,0,6265.341796875,0,0,0,0,0,21853.244140625,0,15104.1318359375,0,0,0,0,0,0,28488.05859375,0,0,0,0,0,0
MZ_523.2566,0,0,0,0,0,0,0,0,0,0,0,0,0,41990.54296875,0,0,0,0,0,0,0,0,0,0,0,0,0,0,0,0
MZ_524.1505,0,0,0,0,0,0,0,0,0,0,0,0,0,0,0,0,0,0,0,0,0,0,0,0,5333676.75,10000405.75,0,8136289.8125,2323099.5,41851764.125
MZ_526.1653,0,0,0,0,0,0,0,0,0,0,0,0,0,0,0,0,0,0,0,0,0,0,0,0,0,0,0,0,0,815929.1875
MZ_531.7442,0,0,414603.875,0,0,0,174535.75,0,49379.64453125,0,0,0,0,0,108670.96875,0,0,0,167065.203125,0,0,740042.9375,0,67174.6875,0,0,0,0,0,0
MZ_534.6009,0,0,0,0,22487.26953125,0,0,0,0,0,0,0,0,187162.2109375,74581.4189453125,0,127296.4453125,0,0,0,0,0,61573.88671875,30085.423828125,0,0,0,0,0,0
MZ_539.2468,0,0,0,0,0,0,0,0,0,0,0,0,0,33422.08203125,0,0,0,0,0,0,0,0,0,0,0,0,0,0,0,0
MZ_544.6342,0,0,168989.375,0,891021.091796875,0,0,0,0,0,0,0,0,0,0,0,90365.0546875,0,0,0,0,0,0,0,0,0,0,0,0,0
MZ_547.1360,0,0,0,0,0,0,0,0,0,0,0,0,0,43741.2578125,0,0,0,0,0,0,0,0,0,0,0,0,0,0,0,0
MZ_553.3221,0,0,0,0,0,0,0,0,0,0,0,0,0,0,23821.56640625,0,0,0,0,0,0,0,0,0,0,0,0,0,0,0
MZ_554.5736,0,0,0,0,28265.880859375,0,0,0,0,0,0,0,0,0,0,0,0,0,0,0,0,0,0,0,0,0,0,0,0,0
MZ_555.0005,0,0,29559.876953125,0,0,0,0,0,0,0,0,0,0,0,0,0,0,0,0,0,0,0,0,0,0,0,0,0,0,0
MZ_556.0736,0,0,0,0,0,0,0,0,5774.1826171875,46612.8447265625,7029.2255859375,76445.42578125,0,41235.9765625,0,100208.546875,0,0,148704.33203125,77314.583984375,0,0,0,0,0,0,0,0,0,0
MZ_567.2775,0,0,0,0,0,0,0,0,0,0,0,0,0,33010.25,0,0,0,0,0,0,0,0,0,0,0,0,0,0,0,0
MZ_568.1407,0,0,0,0,0,0,0,0,0,0,0,0,0,0,0,0,0,0,0,0,0,0,0,0,1161197,0,0,0,0,20118639.75
MZ_568.9063,2527264.75,0,0,628035.015625,0,346609.71875,204640.59375,0,457308.1015625,0,373391.25,178049.30078125,0,0,0,0,319891.375,0,1333297.8125,160857.078125,380796.28125,1273127,169595.8984375,628946.546875,0,0,0,0,0,0
MZ_590.1229,0,0,0,0,0,0,0,0,0,0,0,0,0,0,0,0,0,0,0,0,0,0,0,0,0,0,0,0,0,3738113.25
MZ_596.5545,0,0,0,0,0,0,0,0,0,0,0,0,0,0,0,0,0,0,0,0,0,0,0,9104.3603515625,0,0,0,0,0,0
MZ_600.0636,0,137060.265625,0,0,63403.32421875,0,0,0,0,0,0,0,0,0,0,0,0,0,0,0,0,0,72048.8671875,0,0,0,0,0,0,0
MZ_606.0881,0,0,0,0,0,0,0,0,0,0,0,0,0,0,0,0,0,0,0,0,0,0,0,0,0,0,20903367.25,0,0,0
MZ_610.5404,0,0,0,0,0,0,0,0,0,0,0,0,0,0,16878.2890625,0,0,0,0,0,0,0,0,0,0,0,0,0,0,0
MZ_611.0475,0,0,27646.9765625,0,0,0,0,0,0,0,0,0,0,0,0,0,0,0,0,0,0,0,0,0,0,0,0,0,0,0
MZ_611.3034,0,0,0,0,0,0,0,0,0,0,0,0,0,29518.1640625,0,0,0,0,0,0,0,0,0,0,0,0,0,0,0,0
MZ_615.5630,0,0,0,0,0,0,0,0,0,0,0,0,0,0,0,0,0,0,0,0,0,0,0,6162.87548828125,0,0,0,0,0,0
MZ_622.1019,0,0,0,0,0,0,0,0,0,0,0,0,0,0,0,0,0,0,0,0,0,0,0,9319.4921875,0,0,0,0,0,0
MZ_628.6407,0,0,2538247.875,302249.875,1304024.5703125,0,0,0,496184.71875,1610811.15625,0,0,0,0,0,514330.53125,0,0,0,0,1374169.375,1323303.4375,0,55012.33984375,0,0,0,0,0,0
MZ_642.5546,0,0,0,0,0,0,0,0,0,0,0,0,0,0,0,0,0,0,0,0,0,0,0,10175.4873046875,0,0,0,0,0,0
MZ_644.8463,0,0,0,32526.287109375,0,0,204689.765625,0,50136.78515625,0,377749.25,0,0,0,0,0,0,0,277749.71875,0,0,987859.671875,0,419351.16796875,0,0,0,0,0,0
MZ_652.5229,0,0,0,0,0,0,0,0,0,0,0,0,0,0,0,0,0,0,0,0,0,0,0,6776.21826171875,0,0,0,0,0,0
MZ_664.3804,0,0,0,0,0,0,0,0,0,0,0,0,0,0,0,0,0,0,0,0,0,0,0,10926.8359375,0,0,0,0,0,0
MZ_666.0357,0,108625.34375,0,0,0,0,0,0,322279.75,769183.859375,437205.09375,0,0,0,0,0,0,0,0,230784.328125,0,0,0,0,0,0,0,0,0,0
MZ_666.5059,0,0,0,0,0,0,0,0,0,0,0,0,0,0,8529.9609375,0,0,0,0,0,0,0,0,0,0,0,0,0,0,0
MZ_668.2050,0,0,0,0,0,0,0,0,0,0,0,0,0,0,0,0,0,0,0,0,0,0,0,14405.9296875,0,0,0,0,0,0
MZ_682.0091,7257011.5,7408144.171875,686909.578125,7959510.703125,1687865.125,2901964.859375,5660628.9375,9331816.46875,3538512.09375,7998171.03125,2816479.03125,4330794.5625,0,5247268.4375,1681066.625,4520599.55078125,2630890.859375,1495569.40625,3475624.171875,9879739.328125,7268578.359375,7958346.359375,3871821.0078125,7472217.4375,0,0,0,0,0,0
MZ_684.0095,0,0,0,0,0,0,0,252953.671875,0,0,0,0,0,0,0,0,0,0,0,0,0,0,0,0,0,0,0,0,0,0
MZ_703.9914,2914252.125,2170165.84375,0,4458414.3125,871375.8828125,0,2182019.6875,388042.640625,3861138.890625,1943664.3046875,1659069.046875,1090318.375,0,781939.34375,3621172.1875,2152522.625,474806.5,0,1579416.65625,4955646.328125,1181848.53125,1668705.53125,0,2950579.26171875,0,0,0,0,0,0
MZ_719.9653,23303577.5,28124161.4375,10914264.9921875,23373174.640625,11330833.109375,3533131.8125,13963451.015625,17848969.7128906,18586466.796875,20558603.1953125,10940747.0078125,12396059.390625,0,14298885.4375,15091856.6171875,13922569.3125,6492132.76953125,3147162.625,20258220.2382813,33114495.3046875,17688749.0703125,23501759.1875,7831128.140625,21146600.8632813,0,0,0,0,0,0
MZ_720.7878,0,0,500657.75,0,592879.125,0,187281.84375,0,99519.421875,0,0,0,0,0,0,0,0,0,576572.875,0,0,1309784.171875,0,0,0,0,0,0,0,0
MZ_720.9686,1897334,1290418.40625,0,3628190.5,938251.90625,0,498789.53125,400765.421875,2282933.09375,1725535.390625,1114000.03125,862837.7109375,0,858780.53125,1722346.25,1578972.6875,0,0,1080776.5,5920775.3125,1601616.03125,333628.9609375,0,0,0,0,0,0,0,0
MZ_721.9654,1907034.4375,2146285.78125,0,4247085.09375,969669.140625,0,859655.921875,729357.546875,3893151.578125,2226721.21875,1229927.796875,1233548.5234375,0,886630.46875,2581113.09375,1611446.4375,0,0,2772622.671875,6205351.03125,2288691.046875,1914116.671875,0,0,0,0,0,0,0,0
MZ_726.2777,0,0,0,0,0,0,0,0,34633.015625,0,0,0,0,0,0,0,0,0,0,0,0,0,0,0,0,0,0,0,0,0
MZ_726.3026,0,0,26168.384765625,0,0,0,0,0,0,0,0,0,0,0,0,0,0,0,0,0,0,0,0,0,0,0,0,0,0,0
MZ_729.1715,0,0,0,0,0,0,0,0,29847.07421875,0,0,0,0,0,0,0,0,0,0,0,0,0,0,0,0,0,0,0,0,0
MZ_736.8448,0,0,0,0,0,0,0,0,31137.705078125,0,0,0,0,0,0,0,0,0,0,0,0,0,0,0,0,0,0,0,0,0
MZ_752.5218,0,0,0,0,0,0,0,0,0,0,0,0,0,41803.6015625,0,0,0,0,0,0,0,0,0,0,0,0,0,0,0,0
MZ_756.2665,0,0,0,0,0,0,0,0,0,0,0,0,0,0,0,0,0,0,0,0,0,0,0,10320.568359375,0,0,0,0,0,0
MZ_761.1405,0,0,26015.607421875,0,0,0,0,0,0,0,0,0,0,0,0,0,0,0,0,0,0,0,0,0,0,0,0,0,0,0
MZ_768.0392,0,0,0,0,0,0,0,0,0,0,0,0,0,54877.98046875,0,0,0,0,0,0,0,0,0,0,0,0,0,0,0,0
MZ_770.3326,0,0,0,0,0,0,0,0,0,0,0,0,0,0,0,0,0,0,0,0,0,0,0,14598.5205078125,0,0,0,0,0,0
MZ_771.2597,0,0,0,0,0,0,0,0,0,0,0,0,0,0,0,0,0,0,0,0,0,0,0,10325.34765625,0,0,0,0,0,0
MZ_798.5459,0,0,0,0,0,0,0,0,46452.48046875,0,0,0,0,0,0,0,0,0,0,0,0,0,0,0,0,0,0,0,0,0
MZ_879.0674,0,0,0,0,0,0,0,0,0,0,0,0,0,0,31193.904296875,0,0,0,0,0,0,0,0,0,0,0,0,0,0,0
MZ_913.5502,0,0,0,0,0,0,0,0,25906.75390625,0,0,0,0,0,0,0,0,0,0,0,0,0,0,0,0,0,0,0,0,0
MZ_934.6599,0,0,26025.28125,0,0,0,0,0,0,0,0,0,0,0,0,0,0,0,0,0,0,0,0,0,0,0,0,0,0,0
MZ_944.9789,0,0,0,281571.34375,0,0,700141.171875,0,0,0,0,118473.984375,0,0,751330.75,0,137879.625,0,357105.15625,0,0,0,0,0,0,0,0,0,0,0
MZ_946.9668,423374.96875,422088.75,0,1382262.125,940943.515625,0,0,0,497504.578125,541503.5,365707.9375,528171.8125,0,0,0,694130.75,0,0,530029.25,3232696.96875,169970.03125,0,0,0,0,0,0,0,0,0
MZ_948.9672,0,0,0,0,0,0,0,0,0,290387.40625,0,0,0,0,0,0,0,0,0,0,0,0,0,0,0,0,0,0,0,0
MZ_990.4844,0,0,0,0,0,0,0,0,0,0,0,0,0,0,24604.248046875,0,0,0,0,0,0,0,0,0,0,0,0,0,0,0
MZ_995.0676,0,0,0,0,0,0,0,0,0,0,0,0,0,0,0,0,0,0,0,0,0,0,0,10036.021484375,0,0,0,0,0,0
MZ_1033.8834,0,0,0,0,0,0,0,0,0,0,0,0,0,0,25729.359375,0,0,0,0,0,0,0,0,0,0,0,0,0,0,0
MZ_1055.5902,0,0,0,0,0,0,0,0,0,0,0,0,0,0,0,0,0,0,0,0,0,0,0,11292.794921875,0,0,0,0,0,0
MZ_1102.4639,0,0,0,0,0,0,0,0,0,0,0,0,0,50373.5,0,0,0,0,0,0,0,0,0,0,0,0,0,0,0,0
MZ_1106.4287,0,0,0,0,0,0,0,0,0,0,0,0,0,45903.52734375,0,0,0,0,0,0,0,0,0,0,0,0,0,0,0,0
MZ_1116.6206,0,0,26987.23828125,0,0,0,0,0,0,0,0,0,0,0,0,0,0,0,0,0,0,0,0,0,0,0,0,0,0,0
MZ_1138.6309,0,0,0,0,0,0,0,0,0,0,0,0,0,0,0,0,0,0,0,0,0,0,0,15462.6005859375,0,0,0,0,0,0
MZ_1146.5660,0,0,0,0,0,0,0,0,26938.435546875,0,0,0,0,0,0,0,0,0,0,0,0,0,0,0,0,0,0,0,0,0
MZ_1359.5270,0,0,0,0,0,0,0,0,0,0,0,0,0,0,0,0,0,0,0,0,0,0,0,11816.5478515625,0,0,0,0,0,0
